time_period,name,price_per_night,url
2025-06-26 bis 2025-06-29,Zimmer in St. Gallen,71 CHF,https://www.airbnb.com/rooms/1188930325214083127?check_in=2025-06-26&check_out=2025-06-29&search_mode=regular_search&category_tag=Tag%3A8678&photo_id=1940734657&source_impression_id=p3_1742766488_P3HabQebHYEVzrWW&previous_page_section_name=1000&federated_search_id=2b114577-330f-476a-ba34-e1c19bf90cc1
2025-06-26 bis 2025-06-29,Loft in Wittenbach,100 CHF,https://www.airbnb.com/rooms/52139216?check_in=2025-06-26&check_out=2025-06-29&search_mode=regular_search&source_impression_id=p3_1742766489_P3SwKss82knAC0dG&previous_page_section_name=1000&federated_search_id=2b114577-330f-476a-ba34-e1c19bf90cc1
2025-06-26 bis 2025-06-29,Zimmer in St. Gallen,44 CHF,https://www.airbnb.com/rooms/32656994?check_in=2025-06-26&check_out=2025-06-29&search_mode=regular_search&category_tag=Tag%3A8678&photo_id=997136320&source_impression_id=p3_1742766489_P3C_WhtMVFiuBmSc&previous_page_section_name=1000&federated_search_id=2b114577-330f-476a-ba34-e1c19bf90cc1
2025-06-26 bis 2025-06-29,Zimmer in St. Gallen,35 CHF,https://www.airbnb.com/rooms/1249206762119913900?check_in=2025-06-26&check_out=2025-06-29&search_mode=regular_search&category_tag=Tag%3A8678&photo_id=2077775382&source_impression_id=p3_1742766489_P3iqgHtzRYbo0in0&previous_page_section_name=1000&federated_search_id=2b114577-330f-476a-ba34-e1c19bf90cc1
2025-06-26 bis 2025-06-29,Zimmer in Herisau,55 CHF,https://www.airbnb.com/rooms/43076325?check_in=2025-06-26&check_out=2025-06-29&search_mode=regular_search&category_tag=Tag%3A8678&photo_id=1136469183&source_impression_id=p3_1742766489_P3oHQ4k2wqA-6Qmc&previous_page_section_name=1000&federated_search_id=2b114577-330f-476a-ba34-e1c19bf90cc1
2025-06-26 bis 2025-06-29,Chalet in Herisau,72 CHF,https://www.airbnb.com/rooms/49508201?check_in=2025-06-26&check_out=2025-06-29&search_mode=regular_search&source_impression_id=p3_1742766489_P3bd6fbQipZaDBuU&previous_page_section_name=1000&federated_search_id=2b114577-330f-476a-ba34-e1c19bf90cc1
2025-06-26 bis 2025-06-29,Wohnung in Goldach,95 CHF,https://www.airbnb.com/rooms/1152917005837922136?check_in=2025-06-26&check_out=2025-06-29&search_mode=regular_search&source_impression_id=p3_1742766489_P3w-hPDNt-AX1wFI&previous_page_section_name=1000&federated_search_id=2b114577-330f-476a-ba34-e1c19bf90cc1
2025-06-26 bis 2025-06-29,Zimmer in St. Gallen,88 CHF,https://www.airbnb.com/rooms/697517?check_in=2025-06-26&check_out=2025-06-29&search_mode=regular_search&category_tag=Tag%3A8678&photo_id=1349005821&source_impression_id=p3_1742766489_P3C1HLeJ-0V9Gp2h&previous_page_section_name=1000&federated_search_id=2b114577-330f-476a-ba34-e1c19bf90cc1
2025-06-26 bis 2025-06-29,Zimmer in St. Gallen,42 CHF,https://www.airbnb.com/rooms/1257925754839001182?check_in=2025-06-26&check_out=2025-06-29&search_mode=regular_search&category_tag=Tag%3A8678&photo_id=2003974947&source_impression_id=p3_1742766489_P3_iW9y79mvQuThK&previous_page_section_name=1000&federated_search_id=2b114577-330f-476a-ba34-e1c19bf90cc1
2025-06-26 bis 2025-06-29,Zimmer in St. Gallen,46 CHF,https://www.airbnb.com/rooms/1259385641646760181?check_in=2025-06-25&check_out=2025-06-27&search_mode=regular_search&adults=1&category_tag=Tag%3A8678&children=0&infants=0&pets=0&photo_id=2005317282&source_impression_id=p3_1742766490_P3cNvedvAQkC3VoW&previous_page_section_name=1000&federated_search_id=2b114577-330f-476a-ba34-e1c19bf90cc1
2025-06-26 bis 2025-06-29,Wohnung in St. Gallen,88 CHF,https://www.airbnb.com/rooms/1115968720346511055?check_in=2025-06-26&check_out=2025-06-28&search_mode=regular_search&adults=1&children=0&infants=0&pets=0&source_impression_id=p3_1742766490_P3Rc7NyhtwWfwUd8&previous_page_section_name=1000&federated_search_id=2b114577-330f-476a-ba34-e1c19bf90cc1
2025-06-26 bis 2025-06-29,Wohnung in St. Gallen,81 CHF,https://www.airbnb.com/rooms/810193274543553942?check_in=2025-06-25&check_out=2025-06-29&search_mode=regular_search&adults=1&children=0&infants=0&pets=0&source_impression_id=p3_1742766490_P3p05EYJpWiV6dmK&previous_page_section_name=1000&federated_search_id=2b114577-330f-476a-ba34-e1c19bf90cc1
2025-06-26 bis 2025-06-29,Wohnung in St. Gallen,96 CHF,https://www.airbnb.com/rooms/25726270?check_in=2025-06-25&check_out=2025-06-27&search_mode=regular_search&adults=1&children=0&infants=0&pets=0&source_impression_id=p3_1742766490_P3xtYfDTzBO_29fC&previous_page_section_name=1000&federated_search_id=2b114577-330f-476a-ba34-e1c19bf90cc1
2025-06-26 bis 2025-06-29,Wohnung in St. Gallen,106 CHF,https://www.airbnb.com/rooms/52711443?check_in=2025-06-25&check_out=2025-06-27&search_mode=regular_search&adults=1&children=0&infants=0&pets=0&source_impression_id=p3_1742766490_P3Mi0rbcQJZNJznf&previous_page_section_name=1000&federated_search_id=2b114577-330f-476a-ba34-e1c19bf90cc1
2025-06-26 bis 2025-06-29,Zimmer in St. Gallen,56 CHF,https://www.airbnb.com/rooms/24621835?check_in=2025-06-25&check_out=2025-06-29&search_mode=regular_search&adults=1&category_tag=Tag%3A8678&children=0&infants=0&pets=0&photo_id=484971347&source_impression_id=p3_1742766490_P309UmWTDEsYlNdI&previous_page_section_name=1000&federated_search_id=2b114577-330f-476a-ba34-e1c19bf90cc1
2025-06-26 bis 2025-06-29,Zimmer in Herisau,45 CHF,https://www.airbnb.com/rooms/843681133127734943?check_in=2025-06-26&check_out=2025-06-29&search_mode=regular_search&category_tag=Tag%3A8678&photo_id=1744619190&source_impression_id=p3_1742766489_P3sslhMk8n8P-40e&previous_page_section_name=1000&federated_search_id=2b114577-330f-476a-ba34-e1c19bf90cc1
2025-06-26 bis 2025-06-29,Zimmer in Herisau,45 CHF,https://www.airbnb.com/rooms/33425237?check_in=2025-06-26&check_out=2025-06-29&search_mode=regular_search&category_tag=Tag%3A8678&photo_id=1682983843&source_impression_id=p3_1742766489_P3_U-V6JhfuzCX7c&previous_page_section_name=1000&federated_search_id=2b114577-330f-476a-ba34-e1c19bf90cc1
2025-06-26 bis 2025-06-29,Zimmer in St. Gallen,75 CHF,https://www.airbnb.com/rooms/7655133?check_in=2025-06-26&check_out=2025-06-29&search_mode=regular_search&category_tag=Tag%3A8678&photo_id=1421192468&source_impression_id=p3_1742766489_P3XNwZir8KT9v04u&previous_page_section_name=1000&federated_search_id=2b114577-330f-476a-ba34-e1c19bf90cc1
2025-06-26 bis 2025-06-29,Wohnung in Goldach,102 CHF,https://www.airbnb.com/rooms/19566593?check_in=2025-06-26&check_out=2025-06-29&search_mode=regular_search&source_impression_id=p3_1742766489_P3lHrJ8l3I1Ko8uW&previous_page_section_name=1000&federated_search_id=2b114577-330f-476a-ba34-e1c19bf90cc1
2025-06-26 bis 2025-06-29,Gästehaus in Wittenbach,44 CHF,https://www.airbnb.com/rooms/15330846?check_in=2025-06-26&check_out=2025-06-29&search_mode=regular_search&source_impression_id=p3_1742766489_P38KrN3hLQD0pGI3&previous_page_section_name=1000&federated_search_id=2b114577-330f-476a-ba34-e1c19bf90cc1
2025-06-26 bis 2025-06-29,Wohnung in Rorschacherberg,106 CHF,https://www.airbnb.com/rooms/1241421119811754170?check_in=2025-06-26&check_out=2025-06-29&search_mode=regular_search&source_impression_id=p3_1742766489_P3uBQGVUDmFR49F2&previous_page_section_name=1000&federated_search_id=2b114577-330f-476a-ba34-e1c19bf90cc1
2025-06-26 bis 2025-06-29,Zimmer in Wittenbach,38 CHF,https://www.airbnb.com/rooms/1125797462650471378?check_in=2025-06-26&check_out=2025-06-29&search_mode=regular_search&category_tag=Tag%3A8678&photo_id=1874371840&source_impression_id=p3_1742766489_P3slJ8SwFTPm8Cr6&previous_page_section_name=1000&federated_search_id=2b114577-330f-476a-ba34-e1c19bf90cc1
2025-06-26 bis 2025-06-29,Wohnung in St. Gallen,139 CHF,https://www.airbnb.com/rooms/964210138285327314?check_in=2025-06-26&check_out=2025-06-29&search_mode=regular_search&source_impression_id=p3_1742766489_P3af3I0_b9wGSW4z&previous_page_section_name=1000&federated_search_id=2b114577-330f-476a-ba34-e1c19bf90cc1
2025-06-26 bis 2025-06-29,Übernachtungsmöglichkeit in Speicher,80 CHF,https://www.airbnb.com/rooms/3581317?check_in=2025-06-26&check_out=2025-06-29&search_mode=regular_search&source_impression_id=p3_1742766489_P3Lx8YAwcz-BqXc0&previous_page_section_name=1000&federated_search_id=2b114577-330f-476a-ba34-e1c19bf90cc1
2025-06-26 bis 2025-06-29,Privatunterkunft in Lutzenberg,113 CHF,https://www.airbnb.com/rooms/2996287?check_in=2025-06-26&check_out=2025-06-29&search_mode=regular_search&source_impression_id=p3_1742766519_P3TDJ3HCGlUyqJXk&previous_page_section_name=1000&federated_search_id=b8130090-39dd-4503-8bba-445e41240638
2025-06-26 bis 2025-06-29,Zimmer in Herisau,58 CHF,https://www.airbnb.com/rooms/25358802?check_in=2025-06-26&check_out=2025-06-29&search_mode=regular_search&category_tag=Tag%3A8678&photo_id=1057611759&source_impression_id=p3_1742766519_P3WcETbk6Ky33_JJ&previous_page_section_name=1000&federated_search_id=b8130090-39dd-4503-8bba-445e41240638
2025-06-26 bis 2025-06-29,Wohnung in Wittenbach,111 CHF,https://www.airbnb.com/rooms/1125286096467713128?check_in=2025-06-26&check_out=2025-06-29&search_mode=regular_search&source_impression_id=p3_1742766519_P3Pqb_mcCI2V8VFz&previous_page_section_name=1000&federated_search_id=b8130090-39dd-4503-8bba-445e41240638
2025-06-26 bis 2025-06-29,Wohnung in Goldach,99 CHF,https://www.airbnb.com/rooms/45526496?check_in=2025-06-26&check_out=2025-06-29&search_mode=regular_search&source_impression_id=p3_1742766519_P3kIC4DHStUFQF6n&previous_page_section_name=1000&federated_search_id=b8130090-39dd-4503-8bba-445e41240638
2025-06-26 bis 2025-06-29,Eigentumswohnung in Gossau,108 CHF,https://www.airbnb.com/rooms/659216252477783109?check_in=2025-06-26&check_out=2025-06-29&search_mode=regular_search&source_impression_id=p3_1742766519_P3GV9kPuZxUJAMl4&previous_page_section_name=1000&federated_search_id=b8130090-39dd-4503-8bba-445e41240638
2025-06-26 bis 2025-06-29,Wohnung in Herisau,77 CHF,https://www.airbnb.com/rooms/47754092?check_in=2025-06-26&check_out=2025-06-29&search_mode=regular_search&source_impression_id=p3_1742766519_P39HZ1Xa9HIwg8mi&previous_page_section_name=1000&federated_search_id=b8130090-39dd-4503-8bba-445e41240638
2025-06-26 bis 2025-06-29,Zimmer in Gaiserwald,51 CHF,https://www.airbnb.com/rooms/1301979391103446631?check_in=2025-06-26&check_out=2025-06-29&search_mode=regular_search&category_tag=Tag%3A8678&photo_id=2040200124&source_impression_id=p3_1742766519_P34waGc1v7VqR1Hy&previous_page_section_name=1000&federated_search_id=b8130090-39dd-4503-8bba-445e41240638
2025-06-26 bis 2025-06-29,Eigentumswohnung in Herisau,121 CHF,https://www.airbnb.com/rooms/1185185454372549315?check_in=2025-06-26&check_out=2025-06-29&search_mode=regular_search&source_impression_id=p3_1742766519_P33mVy_9uzRpd_oh&previous_page_section_name=1000&federated_search_id=b8130090-39dd-4503-8bba-445e41240638
2025-06-26 bis 2025-06-29,Zimmer in Heiden,104 CHF,https://www.airbnb.com/rooms/49139740?check_in=2025-06-26&check_out=2025-06-29&search_mode=regular_search&category_tag=Tag%3A8678&photo_id=1831447322&source_impression_id=p3_1742766519_P39A94vssz068RSO&previous_page_section_name=1000&federated_search_id=b8130090-39dd-4503-8bba-445e41240638
2025-06-26 bis 2025-06-29,Zimmer in St. Gallen,47 CHF,https://www.airbnb.com/rooms/26700069?check_in=2025-06-26&check_out=2025-06-29&search_mode=regular_search&category_tag=Tag%3A8678&photo_id=533807995&source_impression_id=p3_1742766519_P3x-_jxaoWXeHvuw&previous_page_section_name=1000&federated_search_id=b8130090-39dd-4503-8bba-445e41240638
2025-06-26 bis 2025-06-29,Zimmer in Herisau,46 CHF,https://www.airbnb.com/rooms/36876332?check_in=2025-06-26&check_out=2025-06-29&search_mode=regular_search&category_tag=Tag%3A8678&photo_id=811569625&source_impression_id=p3_1742766519_P3O-zFas6W5BaP-V&previous_page_section_name=1000&federated_search_id=b8130090-39dd-4503-8bba-445e41240638
2025-06-26 bis 2025-06-29,Privatunterkunft in Walzenhausen,91 CHF,https://www.airbnb.com/rooms/636608672961821195?check_in=2025-06-26&check_out=2025-06-29&search_mode=regular_search&source_impression_id=p3_1742766519_P3rsPZ8kjEDBC7SX&previous_page_section_name=1000&federated_search_id=b8130090-39dd-4503-8bba-445e41240638
2025-06-26 bis 2025-06-29,Wohnung in Arbon,110 CHF,https://www.airbnb.com/rooms/16927594?check_in=2025-06-26&check_out=2025-06-29&search_mode=regular_search&source_impression_id=p3_1742766519_P3MdhMqavRwgtBGU&previous_page_section_name=1000&federated_search_id=b8130090-39dd-4503-8bba-445e41240638
2025-06-26 bis 2025-06-29,Wohnung in St. Gallen,165 CHF,https://www.airbnb.com/rooms/921752024715826992?check_in=2025-06-26&check_out=2025-06-29&search_mode=regular_search&source_impression_id=p3_1742766519_P3W8aH647SEWol_t&previous_page_section_name=1000&federated_search_id=b8130090-39dd-4503-8bba-445e41240638
2025-06-26 bis 2025-06-29,Wohnung in Arbon,125 CHF,https://www.airbnb.com/rooms/1237404752441410253?check_in=2025-06-26&check_out=2025-06-29&search_mode=regular_search&source_impression_id=p3_1742766519_P3sqJntCtXjc_Mes&previous_page_section_name=1000&federated_search_id=b8130090-39dd-4503-8bba-445e41240638
2025-06-26 bis 2025-06-29,Cottage in Heiden,194 CHF,https://www.airbnb.com/rooms/695453496540369105?check_in=2025-06-26&check_out=2025-06-29&search_mode=regular_search&source_impression_id=p3_1742766519_P3Kc6QB9BKb9f1dt&previous_page_section_name=1000&federated_search_id=b8130090-39dd-4503-8bba-445e41240638
2025-06-26 bis 2025-06-29,Wohnung in Bühler,93 CHF,https://www.airbnb.com/rooms/1069314175273429362?check_in=2025-06-26&check_out=2025-06-29&search_mode=regular_search&source_impression_id=p3_1742766519_P30lyOfwb6qzCpHj&previous_page_section_name=1000&federated_search_id=b8130090-39dd-4503-8bba-445e41240638
2025-06-26 bis 2025-06-29,Zimmer in Speicher,67 CHF,https://www.airbnb.com/rooms/989707355431839752?check_in=2025-06-26&check_out=2025-06-29&search_mode=regular_search&category_tag=Tag%3A8678&photo_id=1751481388&source_impression_id=p3_1742766519_P3d0DsSa5oz9yc0c&previous_page_section_name=1000&federated_search_id=b8130090-39dd-4503-8bba-445e41240638
2025-06-26 bis 2025-06-29,Eigentumswohnung in Rorschach,210 CHF,https://www.airbnb.com/rooms/1060397090656689268?check_in=2025-06-26&check_out=2025-06-29&search_mode=regular_search&source_impression_id=p3_1742766533_P3mGkNNE5fsg8OOC&previous_page_section_name=1000&federated_search_id=865968b1-f4b7-43e8-be94-e917d7576dd4
2025-06-26 bis 2025-06-29,Wohnung in St. Gallen,258 CHF,https://www.airbnb.com/rooms/1378777347387696535?check_in=2025-06-26&check_out=2025-06-29&search_mode=regular_search&source_impression_id=p3_1742766533_P3TWQ8OJpBI4ICem&previous_page_section_name=1000&federated_search_id=865968b1-f4b7-43e8-be94-e917d7576dd4
2025-06-26 bis 2025-06-29,Zimmer in St. Gallen,69 CHF,https://www.airbnb.com/rooms/18416428?check_in=2025-06-26&check_out=2025-06-29&search_mode=regular_search&category_tag=Tag%3A8678&photo_id=300284336&source_impression_id=p3_1742766533_P3CBpe3dDtuKQAGY&previous_page_section_name=1000&federated_search_id=865968b1-f4b7-43e8-be94-e917d7576dd4
2025-06-26 bis 2025-06-29,Wohnung in Gais,169 CHF,https://www.airbnb.com/rooms/47321225?check_in=2025-06-26&check_out=2025-06-29&search_mode=regular_search&source_impression_id=p3_1742766533_P3y0U56wGUnxvnmc&previous_page_section_name=1000&federated_search_id=865968b1-f4b7-43e8-be94-e917d7576dd4
2025-06-26 bis 2025-06-29,Wohnung in Arbon,88 CHF,https://www.airbnb.com/rooms/1188688841900300676?check_in=2025-06-26&check_out=2025-06-29&search_mode=regular_search&source_impression_id=p3_1742766533_P3e1PyDDqXfxio6F&previous_page_section_name=1000&federated_search_id=865968b1-f4b7-43e8-be94-e917d7576dd4
2025-06-26 bis 2025-06-29,Zimmer in St. Gallen,53 CHF,https://www.airbnb.com/rooms/27572098?check_in=2025-06-26&check_out=2025-06-29&search_mode=regular_search&category_tag=Tag%3A8678&photo_id=555263690&source_impression_id=p3_1742766533_P3p3U-0lFvWugc1t&previous_page_section_name=1000&federated_search_id=865968b1-f4b7-43e8-be94-e917d7576dd4
2025-06-26 bis 2025-06-29,Wohnung in Herisau,184 CHF,https://www.airbnb.com/rooms/976660285467973872?check_in=2025-06-26&check_out=2025-06-29&search_mode=regular_search&source_impression_id=p3_1742766533_P3k6uLOvL0jVbBZE&previous_page_section_name=1000&federated_search_id=865968b1-f4b7-43e8-be94-e917d7576dd4
2025-06-26 bis 2025-06-29,Zimmer in Rorschach,61 CHF,https://www.airbnb.com/rooms/48309195?check_in=2025-06-26&check_out=2025-06-29&search_mode=regular_search&category_tag=Tag%3A8678&photo_id=1207264214&source_impression_id=p3_1742766533_P3ByaEefcf2_Zjni&previous_page_section_name=1000&federated_search_id=865968b1-f4b7-43e8-be94-e917d7576dd4
2025-06-26 bis 2025-06-29,Loft in Gais,138 CHF,https://www.airbnb.com/rooms/39167516?check_in=2025-06-26&check_out=2025-06-29&search_mode=regular_search&source_impression_id=p3_1742766533_P3epOP40ZVAWlvWp&previous_page_section_name=1000&federated_search_id=865968b1-f4b7-43e8-be94-e917d7576dd4
2025-06-26 bis 2025-06-29,Wohnung in Arbon,184 CHF,https://www.airbnb.com/rooms/989690636614531285?check_in=2025-06-26&check_out=2025-06-29&search_mode=regular_search&source_impression_id=p3_1742766533_P307LpFIK1sxAcUB&previous_page_section_name=1000&federated_search_id=865968b1-f4b7-43e8-be94-e917d7576dd4
2025-06-26 bis 2025-06-29,Zimmer in St. Gallen,73 CHF,https://www.airbnb.com/rooms/1146826255025317226?check_in=2025-06-26&check_out=2025-06-29&search_mode=regular_search&category_tag=Tag%3A8678&photo_id=1896409948&source_impression_id=p3_1742766533_P3S_5TOJ8HjJVEZ8&previous_page_section_name=1000&federated_search_id=865968b1-f4b7-43e8-be94-e917d7576dd4
2025-06-26 bis 2025-06-29,Zimmer in St. Gallen,61 CHF,https://www.airbnb.com/rooms/25095257?check_in=2025-06-26&check_out=2025-06-29&search_mode=regular_search&category_tag=Tag%3A8678&photo_id=508945599&source_impression_id=p3_1742766533_P3jsXhIg3eEP5tZo&previous_page_section_name=1000&federated_search_id=865968b1-f4b7-43e8-be94-e917d7576dd4
2025-06-26 bis 2025-06-29,Scheune in Walzenhausen,108 CHF,https://www.airbnb.com/rooms/1104145055174865079?check_in=2025-06-26&check_out=2025-06-29&search_mode=regular_search&source_impression_id=p3_1742766533_P3wWPTbF34A-MSZL&previous_page_section_name=1000&federated_search_id=865968b1-f4b7-43e8-be94-e917d7576dd4
2025-06-26 bis 2025-06-29,Wohnung in Arbon,119 CHF,https://www.airbnb.com/rooms/1183915209349991691?check_in=2025-06-26&check_out=2025-06-29&search_mode=regular_search&source_impression_id=p3_1742766533_P3ft4vugJq2EQpT1&previous_page_section_name=1000&federated_search_id=865968b1-f4b7-43e8-be94-e917d7576dd4
2025-06-26 bis 2025-06-29,Ferienunterkunft in Schlatt-Haslen,128 CHF,https://www.airbnb.com/rooms/21207643?check_in=2025-06-26&check_out=2025-06-29&search_mode=regular_search&source_impression_id=p3_1742766533_P3Rs-6dwRdajnacb&previous_page_section_name=1000&federated_search_id=865968b1-f4b7-43e8-be94-e917d7576dd4
2025-06-26 bis 2025-06-29,Wohnung in Thal,150 CHF,https://www.airbnb.com/rooms/42016153?check_in=2025-06-26&check_out=2025-06-29&search_mode=regular_search&source_impression_id=p3_1742766533_P3WY8sgMaHvHUlw8&previous_page_section_name=1000&federated_search_id=865968b1-f4b7-43e8-be94-e917d7576dd4
2025-06-26 bis 2025-06-29,Wohnung in Heiden,110 CHF,https://www.airbnb.com/rooms/1023995351985106951?check_in=2025-06-26&check_out=2025-06-29&search_mode=regular_search&source_impression_id=p3_1742766533_P3_Xgr7VZdQgwGQb&previous_page_section_name=1000&federated_search_id=865968b1-f4b7-43e8-be94-e917d7576dd4
2025-06-26 bis 2025-06-29,Wohnung in Arbon,115 CHF,https://www.airbnb.com/rooms/1057129252817589508?check_in=2025-06-26&check_out=2025-06-29&search_mode=regular_search&source_impression_id=p3_1742766533_P3FmvY5m-yWdx4rU&previous_page_section_name=1000&federated_search_id=865968b1-f4b7-43e8-be94-e917d7576dd4
2025-06-26 bis 2025-06-29,Zimmer in St. Gallen,77 CHF,https://www.airbnb.com/rooms/9086918?check_in=2025-06-26&check_out=2025-06-29&search_mode=regular_search&category_tag=Tag%3A8678&photo_id=91496642&source_impression_id=p3_1742766547_P3MDXdt6xcEZwJoa&previous_page_section_name=1000&federated_search_id=ffede753-c80d-4515-be94-bb455943b866
2025-06-26 bis 2025-06-29,Wohnung in St. Gallen,133 CHF,https://www.airbnb.com/rooms/1201532087872965913?check_in=2025-06-26&check_out=2025-06-29&search_mode=regular_search&source_impression_id=p3_1742766547_P3pquDbX1F6_Xi8l&previous_page_section_name=1000&federated_search_id=ffede753-c80d-4515-be94-bb455943b866
2025-06-26 bis 2025-06-29,Zimmer in St. Gallen,57 CHF,https://www.airbnb.com/rooms/27068229?check_in=2025-06-26&check_out=2025-06-29&search_mode=regular_search&category_tag=Tag%3A8678&photo_id=837652346&source_impression_id=p3_1742766547_P3zC4cKsCfgYjLU0&previous_page_section_name=1000&federated_search_id=ffede753-c80d-4515-be94-bb455943b866
2025-06-26 bis 2025-06-29,Wohnung in Gais,115 CHF,https://www.airbnb.com/rooms/609429723085683555?check_in=2025-06-26&check_out=2025-06-29&search_mode=regular_search&source_impression_id=p3_1742766547_P3tgoD4IVilyiTsH&previous_page_section_name=1000&federated_search_id=ffede753-c80d-4515-be94-bb455943b866
2025-06-26 bis 2025-06-29,Wohnung in St. Gallen,258 CHF,https://www.airbnb.com/rooms/1280932025399837362?check_in=2025-06-26&check_out=2025-06-29&search_mode=regular_search&source_impression_id=p3_1742766547_P3EFtXFpu3ZVXv4N&previous_page_section_name=1000&federated_search_id=ffede753-c80d-4515-be94-bb455943b866
2025-06-26 bis 2025-06-29,Wohnung in Arbon,126 CHF,https://www.airbnb.com/rooms/1236020903801473419?check_in=2025-06-26&check_out=2025-06-29&search_mode=regular_search&source_impression_id=p3_1742766547_P3wETdgS69P6JfQ7&previous_page_section_name=1000&federated_search_id=ffede753-c80d-4515-be94-bb455943b866
2025-06-26 bis 2025-06-29,Zimmer in Gais,88 CHF,https://www.airbnb.com/rooms/562829776874682678?check_in=2025-06-26&check_out=2025-06-29&search_mode=regular_search&category_tag=Tag%3A8678&photo_id=1371354839&source_impression_id=p3_1742766547_P3V3C9ppIhVv4D6w&previous_page_section_name=1000&federated_search_id=ffede753-c80d-4515-be94-bb455943b866
2025-06-26 bis 2025-06-29,Zimmer in Wittenbach,38 CHF,https://www.airbnb.com/rooms/1247805847843082135?check_in=2025-06-26&check_out=2025-06-29&search_mode=regular_search&category_tag=Tag%3A8678&photo_id=1995448200&source_impression_id=p3_1742766547_P3-R4PisfNk5pBSb&previous_page_section_name=1000&federated_search_id=ffede753-c80d-4515-be94-bb455943b866
2025-06-26 bis 2025-06-29,Bauernhof in Herisau,587 CHF,https://www.airbnb.com/rooms/1254262698928353569?check_in=2025-06-26&check_out=2025-06-29&search_mode=regular_search&source_impression_id=p3_1742766547_P3RqKaISCnq8AgcI&previous_page_section_name=1000&federated_search_id=ffede753-c80d-4515-be94-bb455943b866
2025-06-26 bis 2025-06-29,Wohnung in Herisau,261 CHF,https://www.airbnb.com/rooms/52104598?check_in=2025-06-26&check_out=2025-06-29&search_mode=regular_search&source_impression_id=p3_1742766547_P3boaGqHmApMLB_N&previous_page_section_name=1000&federated_search_id=ffede753-c80d-4515-be94-bb455943b866
2025-06-26 bis 2025-06-29,Zimmer in Teufen,69 CHF,https://www.airbnb.com/rooms/1301376150025215370?check_in=2025-06-26&check_out=2025-06-29&search_mode=regular_search&category_tag=Tag%3A8678&photo_id=2039855339&source_impression_id=p3_1742766547_P3SM7MI8nFBnkE4k&previous_page_section_name=1000&federated_search_id=ffede753-c80d-4515-be94-bb455943b866
2025-06-26 bis 2025-06-29,Wohnung in Rorschach,202 CHF,https://www.airbnb.com/rooms/40149066?check_in=2025-06-26&check_out=2025-06-29&search_mode=regular_search&source_impression_id=p3_1742766547_P3Ryn6DVzvqap6G2&previous_page_section_name=1000&federated_search_id=ffede753-c80d-4515-be94-bb455943b866
2025-06-26 bis 2025-06-29,Zimmer in Arbon,71 CHF,https://www.airbnb.com/rooms/38351697?check_in=2025-06-26&check_out=2025-06-29&search_mode=regular_search&category_tag=Tag%3A8678&photo_id=1445634619&source_impression_id=p3_1742766547_P3YjfzZBTSLX8Jkp&previous_page_section_name=1000&federated_search_id=ffede753-c80d-4515-be94-bb455943b866
2025-06-26 bis 2025-06-29,Privatunterkunft in Eichberg,76 CHF,https://www.airbnb.com/rooms/1342068692139434177?check_in=2025-06-26&check_out=2025-06-29&search_mode=regular_search&source_impression_id=p3_1742766547_P3zxaD0IbB-wiR_G&previous_page_section_name=1000&federated_search_id=ffede753-c80d-4515-be94-bb455943b866
2025-06-26 bis 2025-06-29,Eigentumswohnung in Rorschach,202 CHF,https://www.airbnb.com/rooms/1060410531932905625?check_in=2025-06-26&check_out=2025-06-29&search_mode=regular_search&source_impression_id=p3_1742766547_P3XAKPDgokML0jU-&previous_page_section_name=1000&federated_search_id=ffede753-c80d-4515-be94-bb455943b866
2025-06-26 bis 2025-06-29,Zimmer in Marbach,75 CHF,https://www.airbnb.com/rooms/627416876997471004?check_in=2025-06-26&check_out=2025-06-29&search_mode=regular_search&category_tag=Tag%3A8678&photo_id=1444775057&source_impression_id=p3_1742766547_P3iETPu3UNJjX5Ai&previous_page_section_name=1000&federated_search_id=ffede753-c80d-4515-be94-bb455943b866
2025-06-26 bis 2025-06-29,Wohnung in Waldstatt,140 CHF,https://www.airbnb.com/rooms/1341331198167175328?check_in=2025-06-26&check_out=2025-06-29&search_mode=regular_search&source_impression_id=p3_1742766547_P3sqN5zejgkvv9_0&previous_page_section_name=1000&federated_search_id=ffede753-c80d-4515-be94-bb455943b866
2025-06-26 bis 2025-06-29,Wohnung in St. Gallen,264 CHF,https://www.airbnb.com/rooms/34164018?check_in=2025-06-26&check_out=2025-06-29&search_mode=regular_search&source_impression_id=p3_1742766547_P33ovdtn1I5i0jKr&previous_page_section_name=1000&federated_search_id=ffede753-c80d-4515-be94-bb455943b866
2025-06-26 bis 2025-06-29,Gästehaus in Heiden,150 CHF,https://www.airbnb.com/rooms/995398820565705403?check_in=2025-06-26&check_out=2025-06-29&search_mode=regular_search&source_impression_id=p3_1742766559_P3UxgEiNJLbSEK4k&previous_page_section_name=1000&federated_search_id=9153b633-bccd-48b3-ae6d-4fca782789d8
2025-06-26 bis 2025-06-29,Privatunterkunft in Gais,251 CHF,https://www.airbnb.com/rooms/1202272228659486792?check_in=2025-06-26&check_out=2025-06-29&search_mode=regular_search&source_impression_id=p3_1742766560_P3ESXMDfwA7BRSsH&previous_page_section_name=1000&federated_search_id=9153b633-bccd-48b3-ae6d-4fca782789d8
2025-06-26 bis 2025-06-29,Wohnung in Andwil,100 CHF,https://www.airbnb.com/rooms/49188864?check_in=2025-06-26&check_out=2025-06-29&search_mode=regular_search&source_impression_id=p3_1742766560_P3CYTJCak0Hvlj5c&previous_page_section_name=1000&federated_search_id=9153b633-bccd-48b3-ae6d-4fca782789d8
2025-06-26 bis 2025-06-29,Wohnung in Gossau,161 CHF,https://www.airbnb.com/rooms/988374776070444571?check_in=2025-06-26&check_out=2025-06-29&search_mode=regular_search&source_impression_id=p3_1742766560_P3aKECKFTYFVes_9&previous_page_section_name=1000&federated_search_id=9153b633-bccd-48b3-ae6d-4fca782789d8
2025-06-26 bis 2025-06-29,Wohnung in Andwil,126 CHF,https://www.airbnb.com/rooms/1156600890595040497?check_in=2025-06-26&check_out=2025-06-29&search_mode=regular_search&source_impression_id=p3_1742766560_P3d5GRSLR0jhty_i&previous_page_section_name=1000&federated_search_id=9153b633-bccd-48b3-ae6d-4fca782789d8
2025-06-26 bis 2025-06-29,Loft in Gais,82 CHF,https://www.airbnb.com/rooms/44001489?check_in=2025-06-26&check_out=2025-06-29&search_mode=regular_search&source_impression_id=p3_1742766560_P3jG5IuoLK1WX93g&previous_page_section_name=1000&federated_search_id=9153b633-bccd-48b3-ae6d-4fca782789d8
2025-06-26 bis 2025-06-29,Zimmer in Gais,67 CHF,https://www.airbnb.com/rooms/1306625975434199496?check_in=2025-06-26&check_out=2025-06-29&search_mode=regular_search&category_tag=Tag%3A8678&photo_id=2074790309&source_impression_id=p3_1742766560_P3KB8gQeT14_et2w&previous_page_section_name=1000&federated_search_id=9153b633-bccd-48b3-ae6d-4fca782789d8
2025-06-26 bis 2025-06-29,Wohnung in St. Gallen,258 CHF,https://www.airbnb.com/rooms/1279050772829252627?check_in=2025-06-26&check_out=2025-06-29&search_mode=regular_search&source_impression_id=p3_1742766560_P32Y0qJPPhAB2raY&previous_page_section_name=1000&federated_search_id=9153b633-bccd-48b3-ae6d-4fca782789d8
2025-06-26 bis 2025-06-29,Zimmer in Hundwil,49 CHF,https://www.airbnb.com/rooms/1103737443919046943?check_in=2025-06-26&check_out=2025-06-29&search_mode=regular_search&category_tag=Tag%3A8678&photo_id=1929858769&source_impression_id=p3_1742766560_P3m3VwQEUzSo8QJS&previous_page_section_name=1000&federated_search_id=9153b633-bccd-48b3-ae6d-4fca782789d8
2025-06-26 bis 2025-06-29,Wohnung in St. Gallen,218 CHF,https://www.airbnb.com/rooms/631007400205214375?check_in=2025-06-26&check_out=2025-06-29&search_mode=regular_search&source_impression_id=p3_1742766560_P3s1qU7Lcz6uR7tk&previous_page_section_name=1000&federated_search_id=9153b633-bccd-48b3-ae6d-4fca782789d8
2025-06-26 bis 2025-06-29,Unterkunft in Eggersriet,92 CHF,https://www.airbnb.com/rooms/1105183214922616099?check_in=2025-06-26&check_out=2025-06-29&search_mode=regular_search&source_impression_id=p3_1742766560_P3WvPmVnqLcctvD7&previous_page_section_name=1000&federated_search_id=9153b633-bccd-48b3-ae6d-4fca782789d8
2025-06-26 bis 2025-06-29,Unterkunft in Heiden,96 CHF,https://www.airbnb.com/rooms/1145675402387119544?check_in=2025-06-26&check_out=2025-06-29&search_mode=regular_search&source_impression_id=p3_1742766560_P39iOatqxCaIvys6&previous_page_section_name=1000&federated_search_id=9153b633-bccd-48b3-ae6d-4fca782789d8
2025-06-26 bis 2025-06-29,Zimmer in Arbon,67 CHF,https://www.airbnb.com/rooms/37211362?check_in=2025-06-26&check_out=2025-06-29&search_mode=regular_search&category_tag=Tag%3A8678&photo_id=1096063320&source_impression_id=p3_1742766560_P3tHAITYk65tDOKB&previous_page_section_name=1000&federated_search_id=9153b633-bccd-48b3-ae6d-4fca782789d8
2025-06-26 bis 2025-06-29,Wohnung in Waldstatt,161 CHF,https://www.airbnb.com/rooms/793568682110326740?check_in=2025-06-26&check_out=2025-06-29&search_mode=regular_search&source_impression_id=p3_1742766560_P3WBHCeXAsQLXRZA&previous_page_section_name=1000&federated_search_id=9153b633-bccd-48b3-ae6d-4fca782789d8
2025-06-26 bis 2025-06-29,Wohnung in Gais,100 CHF,https://www.airbnb.com/rooms/34702005?check_in=2025-06-26&check_out=2025-06-29&search_mode=regular_search&source_impression_id=p3_1742766560_P35gKigAYl8Foi5x&previous_page_section_name=1000&federated_search_id=9153b633-bccd-48b3-ae6d-4fca782789d8
2025-06-26 bis 2025-06-29,Wohnung in St. Gallen,258 CHF,https://www.airbnb.com/rooms/1378804535792044479?check_in=2025-06-26&check_out=2025-06-29&search_mode=regular_search&source_impression_id=p3_1742766560_P364mvVwsgwhgaHQ&previous_page_section_name=1000&federated_search_id=9153b633-bccd-48b3-ae6d-4fca782789d8
2025-06-26 bis 2025-06-29,Wohnung in Herisau,380 CHF,https://www.airbnb.com/rooms/52105121?check_in=2025-06-26&check_out=2025-06-29&search_mode=regular_search&source_impression_id=p3_1742766560_P37HfYrruYppvy85&previous_page_section_name=1000&federated_search_id=9153b633-bccd-48b3-ae6d-4fca782789d8
2025-06-26 bis 2025-06-29,Eigentumswohnung in Arbon,150 CHF,https://www.airbnb.com/rooms/618439493761954175?check_in=2025-06-26&check_out=2025-06-29&search_mode=regular_search&source_impression_id=p3_1742766560_P3xei5aArxLSkuPx&previous_page_section_name=1000&federated_search_id=9153b633-bccd-48b3-ae6d-4fca782789d8
2025-06-26 bis 2025-06-29,Wohnung in Arbon,211 CHF,https://www.airbnb.com/rooms/551992448309025228?check_in=2025-06-26&check_out=2025-06-29&search_mode=regular_search&source_impression_id=p3_1742766573_P3CNY8jnEn5Vo7oB&previous_page_section_name=1000&federated_search_id=d1559b93-f02b-4337-a799-e51ab2758849
2025-06-26 bis 2025-06-29,Wohnung in Lustmühle,123 CHF,https://www.airbnb.com/rooms/39664013?check_in=2025-06-26&check_out=2025-06-29&search_mode=regular_search&source_impression_id=p3_1742766573_P3h77oeBInpdBh6R&previous_page_section_name=1000&federated_search_id=d1559b93-f02b-4337-a799-e51ab2758849
2025-06-26 bis 2025-06-29,Jurte (Rundzelt) in Bischofszell,76 CHF,https://www.airbnb.com/rooms/3274145?check_in=2025-06-26&check_out=2025-06-29&search_mode=regular_search&source_impression_id=p3_1742766573_P3jWadOURJRetzp7&previous_page_section_name=1000&federated_search_id=d1559b93-f02b-4337-a799-e51ab2758849
2025-06-26 bis 2025-06-29,Wohnung in St. Gallen,255 CHF,https://www.airbnb.com/rooms/1309616210634972262?check_in=2025-06-26&check_out=2025-06-29&search_mode=regular_search&source_impression_id=p3_1742766573_P3mXV8tXWgMqlq8A&previous_page_section_name=1000&federated_search_id=d1559b93-f02b-4337-a799-e51ab2758849
2025-10-09 bis 2025-10-19,Wohnung in St. Gallen,95 CHF,https://www.airbnb.com/rooms/1272414733514963281?check_in=2025-10-09&check_out=2025-10-19&search_mode=regular_search&source_impression_id=p3_1742766583_P3K1p3rE7AmY4VRw&previous_page_section_name=1000&federated_search_id=59706ee1-aa18-4bce-bf0a-6001640f181c
2025-10-09 bis 2025-10-19,Wohnung in St. Gallen,61 CHF,https://www.airbnb.com/rooms/1369357827038202553?check_in=2025-10-09&check_out=2025-10-19&search_mode=regular_search&source_impression_id=p3_1742766583_P3FGl9m0Hect-Sor&previous_page_section_name=1000&federated_search_id=59706ee1-aa18-4bce-bf0a-6001640f181c
2025-10-09 bis 2025-10-19,Wohnung in St. Gallen,87 CHF,https://www.airbnb.com/rooms/39076896?check_in=2025-10-09&check_out=2025-10-19&search_mode=regular_search&source_impression_id=p3_1742766583_P3dV8DpZ80-dHDFP&previous_page_section_name=1000&federated_search_id=59706ee1-aa18-4bce-bf0a-6001640f181c
2025-10-09 bis 2025-10-19,Wohnung in St. Gallen,162 CHF,https://www.airbnb.com/rooms/1345627790337068856?check_in=2025-10-09&check_out=2025-10-19&search_mode=regular_search&source_impression_id=p3_1742766583_P3y60diK9b64-Tma&previous_page_section_name=1000&federated_search_id=59706ee1-aa18-4bce-bf0a-6001640f181c
2025-10-09 bis 2025-10-19,Wohnung in St. Gallen,50 CHF,https://www.airbnb.com/rooms/26252048?check_in=2025-10-09&check_out=2025-10-19&search_mode=regular_search&source_impression_id=p3_1742766583_P3HUzxKW00RHUr-A&previous_page_section_name=1000&federated_search_id=59706ee1-aa18-4bce-bf0a-6001640f181c
2025-10-09 bis 2025-10-19,Zimmer in St. Gallen,71 CHF,https://www.airbnb.com/rooms/1188930325214083127?check_in=2025-10-09&check_out=2025-10-19&search_mode=regular_search&category_tag=Tag%3A8678&photo_id=1940734657&source_impression_id=p3_1742766583_P3yclWmfxxL86Jti&previous_page_section_name=1000&federated_search_id=59706ee1-aa18-4bce-bf0a-6001640f181c
2025-10-09 bis 2025-10-19,Wohnung in St. Gallen,69 CHF,https://www.airbnb.com/rooms/810193274543553942?check_in=2025-10-09&check_out=2025-10-19&search_mode=regular_search&source_impression_id=p3_1742766583_P3XAQFXJKeuRCoOw&previous_page_section_name=1000&federated_search_id=59706ee1-aa18-4bce-bf0a-6001640f181c
2025-10-09 bis 2025-10-19,Wohnung in St. Gallen,76 CHF,https://www.airbnb.com/rooms/1258654575298959105?check_in=2025-10-09&check_out=2025-10-19&search_mode=regular_search&source_impression_id=p3_1742766583_P3AHWTiNz46zmgRr&previous_page_section_name=1000&federated_search_id=59706ee1-aa18-4bce-bf0a-6001640f181c
2025-10-09 bis 2025-10-19,Wohnung in St. Gallen,69 CHF,https://www.airbnb.com/rooms/794847112063101272?check_in=2025-10-09&check_out=2025-10-19&search_mode=regular_search&source_impression_id=p3_1742766583_P3cmhMak_5zwwJzn&previous_page_section_name=1000&federated_search_id=59706ee1-aa18-4bce-bf0a-6001640f181c
2025-10-09 bis 2025-10-19,Wohnung in St. Gallen,101 CHF,https://www.airbnb.com/rooms/1002032650200924193?check_in=2025-10-09&check_out=2025-10-19&search_mode=regular_search&source_impression_id=p3_1742766583_P3rqcVDyRdYDe6z5&previous_page_section_name=1000&federated_search_id=59706ee1-aa18-4bce-bf0a-6001640f181c
2025-10-09 bis 2025-10-19,Zimmer in St. Gallen,72 CHF,https://www.airbnb.com/rooms/1244108781114001566?check_in=2025-10-09&check_out=2025-10-19&search_mode=regular_search&category_tag=Tag%3A8678&photo_id=1992369537&source_impression_id=p3_1742766583_P3-Vrj6RM9vXSFbz&previous_page_section_name=1000&federated_search_id=59706ee1-aa18-4bce-bf0a-6001640f181c
2025-10-09 bis 2025-10-19,Loft in Wittenbach,98 CHF,https://www.airbnb.com/rooms/52139216?check_in=2025-10-09&check_out=2025-10-19&search_mode=regular_search&source_impression_id=p3_1742766583_P3qdqJ-EC8UOweLj&previous_page_section_name=1000&federated_search_id=59706ee1-aa18-4bce-bf0a-6001640f181c
2025-10-09 bis 2025-10-19,Zimmer in St. Gallen,38 CHF,https://www.airbnb.com/rooms/1249206762119913900?check_in=2025-10-09&check_out=2025-10-19&search_mode=regular_search&category_tag=Tag%3A8678&photo_id=2077775382&source_impression_id=p3_1742766583_P3pkc8ojd_LnaYVm&previous_page_section_name=1000&federated_search_id=59706ee1-aa18-4bce-bf0a-6001640f181c
2025-10-09 bis 2025-10-19,Zimmer in St. Gallen,41 CHF,https://www.airbnb.com/rooms/1259385641646760181?check_in=2025-10-12&check_out=2025-10-21&search_mode=regular_search&adults=1&category_tag=Tag%3A8678&children=0&infants=0&pets=0&photo_id=2005317282&source_impression_id=p3_1742766584_P3T_LXjy-3N_ui9-&previous_page_section_name=1000&federated_search_id=59706ee1-aa18-4bce-bf0a-6001640f181c
2025-10-09 bis 2025-10-19,Cottage in Heiden,168 CHF,https://www.airbnb.com/rooms/695453496540369105?check_in=2025-10-11&check_out=2025-10-20&search_mode=regular_search&adults=1&children=0&infants=0&pets=0&source_impression_id=p3_1742766584_P3CmIXs25xkAn02g&previous_page_section_name=1000&federated_search_id=59706ee1-aa18-4bce-bf0a-6001640f181c
2025-10-09 bis 2025-10-19,Wohnung in Thal,110 CHF,https://www.airbnb.com/rooms/42016153?check_in=2025-10-09&check_out=2025-10-18&search_mode=regular_search&adults=1&children=0&infants=0&pets=0&source_impression_id=p3_1742766584_P3GnGo_fUN-F8LgP&previous_page_section_name=1000&federated_search_id=59706ee1-aa18-4bce-bf0a-6001640f181c
2025-10-09 bis 2025-10-19,Wohnung in Rebstein,84 CHF,https://www.airbnb.com/rooms/44644104?check_in=2025-10-11&check_out=2025-10-20&search_mode=regular_search&adults=1&children=0&infants=0&pets=0&source_impression_id=p3_1742766584_P3pNhp6edNeB2t8H&previous_page_section_name=1000&federated_search_id=59706ee1-aa18-4bce-bf0a-6001640f181c
2025-10-09 bis 2025-10-19,Wohnung in St. Gallen,105 CHF,https://www.airbnb.com/rooms/751359808295391180?check_in=2025-10-09&check_out=2025-10-19&search_mode=regular_search&source_impression_id=p3_1742766583_P3d_NMZl-9y-1XGo&previous_page_section_name=1000&federated_search_id=59706ee1-aa18-4bce-bf0a-6001640f181c
2025-10-09 bis 2025-10-19,Zimmer in St. Gallen,84 CHF,https://www.airbnb.com/rooms/27218491?check_in=2025-10-09&check_out=2025-10-19&search_mode=regular_search&category_tag=Tag%3A8678&photo_id=740223289&source_impression_id=p3_1742766583_P3tb5dqBi9V3ebGP&previous_page_section_name=1000&federated_search_id=59706ee1-aa18-4bce-bf0a-6001640f181c
2025-10-09 bis 2025-10-19,Zimmer in St. Gallen,59 CHF,https://www.airbnb.com/rooms/1050155248804139421?check_in=2025-10-09&check_out=2025-10-19&search_mode=regular_search&category_tag=Tag%3A8678&photo_id=1807180061&source_impression_id=p3_1742766583_P3SGHCzs0WEEye90&previous_page_section_name=1000&federated_search_id=59706ee1-aa18-4bce-bf0a-6001640f181c
2025-10-09 bis 2025-10-19,Wohnung in St. Gallen,107 CHF,https://www.airbnb.com/rooms/964210138285327314?check_in=2025-10-09&check_out=2025-10-19&search_mode=regular_search&source_impression_id=p3_1742766583_P3LXRBTFmOQbsdEU&previous_page_section_name=1000&federated_search_id=59706ee1-aa18-4bce-bf0a-6001640f181c
2025-10-09 bis 2025-10-19,Wohnung in St. Gallen,111 CHF,https://www.airbnb.com/rooms/1041922452595008344?check_in=2025-10-09&check_out=2025-10-19&search_mode=regular_search&source_impression_id=p3_1742766583_P30xtlQA3VKu9oU1&previous_page_section_name=1000&federated_search_id=59706ee1-aa18-4bce-bf0a-6001640f181c
2025-10-09 bis 2025-10-19,Wohnung in Goldach,73 CHF,https://www.airbnb.com/rooms/1152917005837922136?check_in=2025-10-09&check_out=2025-10-19&search_mode=regular_search&source_impression_id=p3_1742766612_P3y70fzVPNBHrkZP&previous_page_section_name=1000&federated_search_id=38f423e5-c994-44f2-b5a7-1bb8b192e6ac
2025-10-09 bis 2025-10-19,Wohnung in Bühler,73 CHF,https://www.airbnb.com/rooms/951322252626366335?check_in=2025-10-09&check_out=2025-10-19&search_mode=regular_search&source_impression_id=p3_1742766613_P3HvZVEYY575StgO&previous_page_section_name=1000&federated_search_id=38f423e5-c994-44f2-b5a7-1bb8b192e6ac
2025-10-09 bis 2025-10-19,Chalet in Herisau,60 CHF,https://www.airbnb.com/rooms/49508201?check_in=2025-10-09&check_out=2025-10-19&search_mode=regular_search&source_impression_id=p3_1742766613_P3BZJXMmYaKZabV4&previous_page_section_name=1000&federated_search_id=38f423e5-c994-44f2-b5a7-1bb8b192e6ac
2025-10-09 bis 2025-10-19,Wohnung in Herisau,104 CHF,https://www.airbnb.com/rooms/976660285467973872?check_in=2025-10-09&check_out=2025-10-19&search_mode=regular_search&source_impression_id=p3_1742766613_P3EY-KHYfqAHatQG&previous_page_section_name=1000&federated_search_id=38f423e5-c994-44f2-b5a7-1bb8b192e6ac
2025-10-09 bis 2025-10-19,Wohnung in St. Gallen,134 CHF,https://www.airbnb.com/rooms/851924212614923026?check_in=2025-10-09&check_out=2025-10-19&search_mode=regular_search&source_impression_id=p3_1742766613_P3_kRJmOz4OO0njk&previous_page_section_name=1000&federated_search_id=38f423e5-c994-44f2-b5a7-1bb8b192e6ac
2025-10-09 bis 2025-10-19,Wohnung in Goldach,77 CHF,https://www.airbnb.com/rooms/19566593?check_in=2025-10-09&check_out=2025-10-19&search_mode=regular_search&source_impression_id=p3_1742766613_P399pbvzNjyzuR9H&previous_page_section_name=1000&federated_search_id=38f423e5-c994-44f2-b5a7-1bb8b192e6ac
2025-10-09 bis 2025-10-19,Zimmer in Herisau,43 CHF,https://www.airbnb.com/rooms/33425237?check_in=2025-10-09&check_out=2025-10-19&search_mode=regular_search&category_tag=Tag%3A8678&photo_id=1682983843&source_impression_id=p3_1742766613_P3f2fXqDElY13XBh&previous_page_section_name=1000&federated_search_id=38f423e5-c994-44f2-b5a7-1bb8b192e6ac
2025-10-09 bis 2025-10-19,Wohnung in Arbon,69 CHF,https://www.airbnb.com/rooms/16345691?check_in=2025-10-09&check_out=2025-10-19&search_mode=regular_search&source_impression_id=p3_1742766613_P3eBaYiN6nVWrY7S&previous_page_section_name=1000&federated_search_id=38f423e5-c994-44f2-b5a7-1bb8b192e6ac
2025-10-09 bis 2025-10-19,Wohnung in St. Gallen,106 CHF,https://www.airbnb.com/rooms/5555102?check_in=2025-10-09&check_out=2025-10-19&search_mode=regular_search&source_impression_id=p3_1742766613_P3JLPkKetrkveVBf&previous_page_section_name=1000&federated_search_id=38f423e5-c994-44f2-b5a7-1bb8b192e6ac
2025-10-09 bis 2025-10-19,Zimmer in St. Gallen,67 CHF,https://www.airbnb.com/rooms/18440897?check_in=2025-10-09&check_out=2025-10-19&search_mode=regular_search&category_tag=Tag%3A8678&photo_id=300964172&source_impression_id=p3_1742766613_P3TIHtjyiMhAbBkS&previous_page_section_name=1000&federated_search_id=38f423e5-c994-44f2-b5a7-1bb8b192e6ac
2025-10-09 bis 2025-10-19,Privatunterkunft in Gaiserwald,126 CHF,https://www.airbnb.com/rooms/9723028?check_in=2025-10-09&check_out=2025-10-19&search_mode=regular_search&source_impression_id=p3_1742766613_P3p4ZpiRW3lYDEWe&previous_page_section_name=1000&federated_search_id=38f423e5-c994-44f2-b5a7-1bb8b192e6ac
2025-10-09 bis 2025-10-19,Wohnung in St. Gallen,113 CHF,https://www.airbnb.com/rooms/1362134414125241265?check_in=2025-10-09&check_out=2025-10-19&search_mode=regular_search&source_impression_id=p3_1742766613_P3NKrpWCKa1WGjo0&previous_page_section_name=1000&federated_search_id=38f423e5-c994-44f2-b5a7-1bb8b192e6ac
2025-10-09 bis 2025-10-19,Wohnung in St. Gallen,112 CHF,https://www.airbnb.com/rooms/32730109?check_in=2025-10-09&check_out=2025-10-19&search_mode=regular_search&source_impression_id=p3_1742766613_P3HZT4mVKNF-sTwq&previous_page_section_name=1000&federated_search_id=38f423e5-c994-44f2-b5a7-1bb8b192e6ac
2025-10-09 bis 2025-10-19,Wohnung in St. Gallen,94 CHF,https://www.airbnb.com/rooms/710818010612321630?check_in=2025-10-09&check_out=2025-10-19&search_mode=regular_search&source_impression_id=p3_1742766613_P3fIZL0gjxQKeBlW&previous_page_section_name=1000&federated_search_id=38f423e5-c994-44f2-b5a7-1bb8b192e6ac
2025-10-09 bis 2025-10-19,Übernachtungsmöglichkeit in Speicher,69 CHF,https://www.airbnb.com/rooms/3581317?check_in=2025-10-09&check_out=2025-10-19&search_mode=regular_search&source_impression_id=p3_1742766613_P3ZvlI5X4vaIx5nn&previous_page_section_name=1000&federated_search_id=38f423e5-c994-44f2-b5a7-1bb8b192e6ac
2025-10-09 bis 2025-10-19,Wohnung in Goldach,67 CHF,https://www.airbnb.com/rooms/34823328?check_in=2025-10-09&check_out=2025-10-19&search_mode=regular_search&source_impression_id=p3_1742766613_P34bCmX0NdAZhOHG&previous_page_section_name=1000&federated_search_id=38f423e5-c994-44f2-b5a7-1bb8b192e6ac
2025-10-09 bis 2025-10-19,Eigentumswohnung in Gaiserwald,121 CHF,https://www.airbnb.com/rooms/563644420162089550?check_in=2025-10-09&check_out=2025-10-19&search_mode=regular_search&source_impression_id=p3_1742766613_P3GmfqwE_x9Qy0KY&previous_page_section_name=1000&federated_search_id=38f423e5-c994-44f2-b5a7-1bb8b192e6ac
2025-10-09 bis 2025-10-19,Wohnung in Herisau,88 CHF,https://www.airbnb.com/rooms/37453341?check_in=2025-10-09&check_out=2025-10-19&search_mode=regular_search&source_impression_id=p3_1742766613_P3fuU7fZi02859Tr&previous_page_section_name=1000&federated_search_id=38f423e5-c994-44f2-b5a7-1bb8b192e6ac
2025-10-09 bis 2025-10-19,Zimmer in Herisau,58 CHF,https://www.airbnb.com/rooms/43076325?check_in=2025-10-09&check_out=2025-10-19&search_mode=regular_search&category_tag=Tag%3A8678&photo_id=1136469183&source_impression_id=p3_1742766626_P33nod2tozNPAGXH&previous_page_section_name=1000&federated_search_id=a526de7d-9763-4046-9ea2-418112160193
2025-10-09 bis 2025-10-19,Wohnung in St. Gallen,170 CHF,https://www.airbnb.com/rooms/3351866?check_in=2025-10-09&check_out=2025-10-19&search_mode=regular_search&source_impression_id=p3_1742766626_P3yxnYf8YnUL8Xdj&previous_page_section_name=1000&federated_search_id=a526de7d-9763-4046-9ea2-418112160193
2025-10-09 bis 2025-10-19,Zimmer in St. Gallen,41 CHF,https://www.airbnb.com/rooms/26700069?check_in=2025-10-09&check_out=2025-10-19&search_mode=regular_search&category_tag=Tag%3A8678&photo_id=533807995&source_impression_id=p3_1742766626_P3i8_MWk-CJeJupa&previous_page_section_name=1000&federated_search_id=a526de7d-9763-4046-9ea2-418112160193
2025-10-09 bis 2025-10-19,Wohnung in Speicherschwendi,154 CHF,https://www.airbnb.com/rooms/1329870865542695857?check_in=2025-10-09&check_out=2025-10-19&search_mode=regular_search&source_impression_id=p3_1742766626_P3CB5h02IKyyXMH9&previous_page_section_name=1000&federated_search_id=a526de7d-9763-4046-9ea2-418112160193
2025-10-09 bis 2025-10-19,Wohnung in Speicherschwendi,80 CHF,https://www.airbnb.com/rooms/49169144?check_in=2025-10-09&check_out=2025-10-19&search_mode=regular_search&source_impression_id=p3_1742766626_P3KubCvtZZrNPqMC&previous_page_section_name=1000&federated_search_id=a526de7d-9763-4046-9ea2-418112160193
2025-10-09 bis 2025-10-19,Wohnung in St. Gallen,129 CHF,https://www.airbnb.com/rooms/32585689?check_in=2025-10-09&check_out=2025-10-19&search_mode=regular_search&source_impression_id=p3_1742766626_P3C87g7om54IY_IU&previous_page_section_name=1000&federated_search_id=a526de7d-9763-4046-9ea2-418112160193
2025-10-09 bis 2025-10-19,Wohnung in Goldach,75 CHF,https://www.airbnb.com/rooms/45526496?check_in=2025-10-09&check_out=2025-10-19&search_mode=regular_search&source_impression_id=p3_1742766626_P3wzOz3-F9BgwROh&previous_page_section_name=1000&federated_search_id=a526de7d-9763-4046-9ea2-418112160193
2025-10-09 bis 2025-10-19,Wohnung in St. Gallen,170 CHF,https://www.airbnb.com/rooms/3246527?check_in=2025-10-09&check_out=2025-10-19&search_mode=regular_search&source_impression_id=p3_1742766626_P3MpIH7mlO0f3JAV&previous_page_section_name=1000&federated_search_id=a526de7d-9763-4046-9ea2-418112160193
2025-10-09 bis 2025-10-19,Wohnung in Herisau,152 CHF,https://www.airbnb.com/rooms/52104598?check_in=2025-10-09&check_out=2025-10-19&search_mode=regular_search&source_impression_id=p3_1742766626_P3jFrdJpOMipzrTG&previous_page_section_name=1000&federated_search_id=a526de7d-9763-4046-9ea2-418112160193
2025-10-09 bis 2025-10-19,Privatunterkunft in Stein,135 CHF,https://www.airbnb.com/rooms/38684795?check_in=2025-10-09&check_out=2025-10-19&search_mode=regular_search&source_impression_id=p3_1742766626_P3HYyy1JifYdNsc5&previous_page_section_name=1000&federated_search_id=a526de7d-9763-4046-9ea2-418112160193
2025-10-09 bis 2025-10-19,Wohnung in St. Gallen,157 CHF,https://www.airbnb.com/rooms/43837504?check_in=2025-10-09&check_out=2025-10-19&search_mode=regular_search&source_impression_id=p3_1742766626_P3G_V7KcG7MEm7yL&previous_page_section_name=1000&federated_search_id=a526de7d-9763-4046-9ea2-418112160193
2025-10-09 bis 2025-10-19,Privatunterkunft in Walzenhausen,80 CHF,https://www.airbnb.com/rooms/636608672961821195?check_in=2025-10-09&check_out=2025-10-19&search_mode=regular_search&source_impression_id=p3_1742766626_P3kncb7WlVHRASrJ&previous_page_section_name=1000&federated_search_id=a526de7d-9763-4046-9ea2-418112160193
2025-10-09 bis 2025-10-19,Wohnung in St. Gallen,155 CHF,https://www.airbnb.com/rooms/921752024715826992?check_in=2025-10-09&check_out=2025-10-19&search_mode=regular_search&source_impression_id=p3_1742766626_P3xKY3H_BGhJmbPi&previous_page_section_name=1000&federated_search_id=a526de7d-9763-4046-9ea2-418112160193
2025-10-09 bis 2025-10-19,Eigentumswohnung in Herisau,83 CHF,https://www.airbnb.com/rooms/2273238?check_in=2025-10-09&check_out=2025-10-19&search_mode=regular_search&source_impression_id=p3_1742766626_P3wyhXtZv5pP_FtU&previous_page_section_name=1000&federated_search_id=a526de7d-9763-4046-9ea2-418112160193
2025-10-09 bis 2025-10-19,Wohnung in St. Gallen,220 CHF,https://www.airbnb.com/rooms/1358676222184654106?check_in=2025-10-09&check_out=2025-10-19&search_mode=regular_search&source_impression_id=p3_1742766626_P3AT906Qi0oey-pq&previous_page_section_name=1000&federated_search_id=a526de7d-9763-4046-9ea2-418112160193
2025-10-09 bis 2025-10-19,Wohnung in St. Gallen,102 CHF,https://www.airbnb.com/rooms/1271657823442915813?check_in=2025-10-09&check_out=2025-10-19&search_mode=regular_search&source_impression_id=p3_1742766626_P3xI74j5ZEYo2xA1&previous_page_section_name=1000&federated_search_id=a526de7d-9763-4046-9ea2-418112160193
2025-10-09 bis 2025-10-19,Tiny House in Waldkirch,104 CHF,https://www.airbnb.com/rooms/714233868376763072?check_in=2025-10-09&check_out=2025-10-19&search_mode=regular_search&source_impression_id=p3_1742766626_P3-GCSpnn8q3dMpu&previous_page_section_name=1000&federated_search_id=a526de7d-9763-4046-9ea2-418112160193
2025-10-09 bis 2025-10-19,Zimmer in St. Gallen,90 CHF,https://www.airbnb.com/rooms/39434917?check_in=2025-10-09&check_out=2025-10-19&search_mode=regular_search&category_tag=Tag%3A8678&photo_id=956561207&source_impression_id=p3_1742766626_P3yqVSQC1qkr1xhq&previous_page_section_name=1000&federated_search_id=a526de7d-9763-4046-9ea2-418112160193
2025-10-09 bis 2025-10-19,Wohnung in Herisau,97 CHF,https://www.airbnb.com/rooms/709182313635067238?check_in=2025-10-09&check_out=2025-10-19&search_mode=regular_search&source_impression_id=p3_1742766639_P3XYX1FHZhEvBwfQ&previous_page_section_name=1000&federated_search_id=301a21f3-018d-49a5-880d-c3b760f6d9da
2025-10-09 bis 2025-10-19,Wohnung in St. Gallen,109 CHF,https://www.airbnb.com/rooms/1323013791740348108?check_in=2025-10-09&check_out=2025-10-19&search_mode=regular_search&source_impression_id=p3_1742766640_P3HGNMbMlbFdpM27&previous_page_section_name=1000&federated_search_id=301a21f3-018d-49a5-880d-c3b760f6d9da
2025-10-09 bis 2025-10-19,Zimmer in St. Gallen,77 CHF,https://www.airbnb.com/rooms/20937274?check_in=2025-10-09&check_out=2025-10-19&search_mode=regular_search&category_tag=Tag%3A8678&photo_id=372810159&source_impression_id=p3_1742766640_P3Wvl-PEFmRBwfSM&previous_page_section_name=1000&federated_search_id=301a21f3-018d-49a5-880d-c3b760f6d9da
2025-10-09 bis 2025-10-19,Zimmer in St. Gallen,54 CHF,https://www.airbnb.com/rooms/42620358?check_in=2025-10-09&check_out=2025-10-19&search_mode=regular_search&category_tag=Tag%3A8678&photo_id=978322681&source_impression_id=p3_1742766640_P3r7Rjd85AOrvVEr&previous_page_section_name=1000&federated_search_id=301a21f3-018d-49a5-880d-c3b760f6d9da
2025-10-09 bis 2025-10-19,Wohnung in Waldkirch,96 CHF,https://www.airbnb.com/rooms/41261284?check_in=2025-10-09&check_out=2025-10-19&search_mode=regular_search&source_impression_id=p3_1742766640_P3Ri-vJH8BrlCTrg&previous_page_section_name=1000&federated_search_id=301a21f3-018d-49a5-880d-c3b760f6d9da
2025-10-09 bis 2025-10-19,Ferienunterkunft in Schlatt-Haslen,106 CHF,https://www.airbnb.com/rooms/21207643?check_in=2025-10-09&check_out=2025-10-19&search_mode=regular_search&source_impression_id=p3_1742766640_P3dFplztampx0RNR&previous_page_section_name=1000&federated_search_id=301a21f3-018d-49a5-880d-c3b760f6d9da
2025-10-09 bis 2025-10-19,Bauernhof in Steinach,101 CHF,https://www.airbnb.com/rooms/1140941849347033944?check_in=2025-10-09&check_out=2025-10-19&search_mode=regular_search&source_impression_id=p3_1742766640_P308xUZf-3ZjYTxO&previous_page_section_name=1000&federated_search_id=301a21f3-018d-49a5-880d-c3b760f6d9da
2025-10-09 bis 2025-10-19,Wohnung in St. Gallen,251 CHF,https://www.airbnb.com/rooms/638220511211963718?check_in=2025-10-09&check_out=2025-10-19&search_mode=regular_search&source_impression_id=p3_1742766640_P31SJm9xzy8t1xUe&previous_page_section_name=1000&federated_search_id=301a21f3-018d-49a5-880d-c3b760f6d9da
2025-10-09 bis 2025-10-19,Zimmer in Rehetobel,49 CHF,https://www.airbnb.com/rooms/41950840?check_in=2025-10-09&check_out=2025-10-19&search_mode=regular_search&category_tag=Tag%3A8678&photo_id=959959915&source_impression_id=p3_1742766640_P3g3qYa_Up-RqY2m&previous_page_section_name=1000&federated_search_id=301a21f3-018d-49a5-880d-c3b760f6d9da
2025-10-09 bis 2025-10-19,Bungalow in Niederteufen,130 CHF,https://www.airbnb.com/rooms/668625351086481944?check_in=2025-10-09&check_out=2025-10-19&search_mode=regular_search&source_impression_id=p3_1742766640_P34t9tcmU8_gFSZb&previous_page_section_name=1000&federated_search_id=301a21f3-018d-49a5-880d-c3b760f6d9da
2025-10-09 bis 2025-10-19,Eigentumswohnung in Rorschach,171 CHF,https://www.airbnb.com/rooms/1060397090656689268?check_in=2025-10-09&check_out=2025-10-19&search_mode=regular_search&source_impression_id=p3_1742766640_P3q5hk-oov90GGlZ&previous_page_section_name=1000&federated_search_id=301a21f3-018d-49a5-880d-c3b760f6d9da
2025-10-09 bis 2025-10-19,Zimmer in St. Gallen,54 CHF,https://www.airbnb.com/rooms/25095257?check_in=2025-10-09&check_out=2025-10-19&search_mode=regular_search&category_tag=Tag%3A8678&photo_id=508945599&source_impression_id=p3_1742766640_P3MY-XElmivAuWyL&previous_page_section_name=1000&federated_search_id=301a21f3-018d-49a5-880d-c3b760f6d9da
2025-10-09 bis 2025-10-19,Unterkunft in St. Gallen,95 CHF,https://www.airbnb.com/rooms/22029786?check_in=2025-10-09&check_out=2025-10-19&search_mode=regular_search&source_impression_id=p3_1742766640_P3pmDejUbK9iWXUs&previous_page_section_name=1000&federated_search_id=301a21f3-018d-49a5-880d-c3b760f6d9da
2025-10-09 bis 2025-10-19,Wohnung in Arbon,190 CHF,https://www.airbnb.com/rooms/1214381443259241629?check_in=2025-10-09&check_out=2025-10-19&search_mode=regular_search&source_impression_id=p3_1742766640_P3Tn5i45ZXC8PPOh&previous_page_section_name=1000&federated_search_id=301a21f3-018d-49a5-880d-c3b760f6d9da
2025-10-09 bis 2025-10-19,Wohnung in Thal,162 CHF,https://www.airbnb.com/rooms/1366426849346070354?check_in=2025-10-09&check_out=2025-10-19&search_mode=regular_search&source_impression_id=p3_1742766640_P3rRPnTkz9mp03Y9&previous_page_section_name=1000&federated_search_id=301a21f3-018d-49a5-880d-c3b760f6d9da
2025-10-09 bis 2025-10-19,Gemeinsames Zimmer in St. Gallen,40 CHF,https://www.airbnb.com/rooms/1085871688677326134?check_in=2025-10-09&check_out=2025-10-19&search_mode=regular_search&source_impression_id=p3_1742766640_P3hfvhLdAnZiph2G&previous_page_section_name=1000&federated_search_id=301a21f3-018d-49a5-880d-c3b760f6d9da
2025-10-09 bis 2025-10-19,Wohnung in St. Gallen,119 CHF,https://www.airbnb.com/rooms/22469139?check_in=2025-10-09&check_out=2025-10-19&search_mode=regular_search&source_impression_id=p3_1742766640_P3AOvbl40IZ54WJT&previous_page_section_name=1000&federated_search_id=301a21f3-018d-49a5-880d-c3b760f6d9da
2025-10-09 bis 2025-10-19,Gästehaus in St. Gallen,118 CHF,https://www.airbnb.com/rooms/45795688?check_in=2025-10-09&check_out=2025-10-19&search_mode=regular_search&source_impression_id=p3_1742766640_P3WzPtGb3JCLgwnG&previous_page_section_name=1000&federated_search_id=301a21f3-018d-49a5-880d-c3b760f6d9da
2025-10-09 bis 2025-10-19,Wohnung in St. Gallen,207 CHF,https://www.airbnb.com/rooms/1280932025399837362?check_in=2025-10-09&check_out=2025-10-19&search_mode=regular_search&source_impression_id=p3_1742766653_P3hgZCmr17z3qcKM&previous_page_section_name=1000&federated_search_id=185195a8-755d-4435-a03d-faaae3fedaa4
2025-10-09 bis 2025-10-19,Eigentumswohnung in St. Gallen,203 CHF,https://www.airbnb.com/rooms/1230147436883884784?check_in=2025-10-09&check_out=2025-10-19&search_mode=regular_search&source_impression_id=p3_1742766653_P3ZwsP0GtczU-5mu&previous_page_section_name=1000&federated_search_id=185195a8-755d-4435-a03d-faaae3fedaa4
2025-10-09 bis 2025-10-19,Wohnung in St. Gallen,187 CHF,https://www.airbnb.com/rooms/34164018?check_in=2025-10-09&check_out=2025-10-19&search_mode=regular_search&source_impression_id=p3_1742766653_P3ODtsg7-Gv_fyDR&previous_page_section_name=1000&federated_search_id=185195a8-755d-4435-a03d-faaae3fedaa4
2025-10-09 bis 2025-10-19,Zimmer in Wittenbach,38 CHF,https://www.airbnb.com/rooms/1125797462650471378?check_in=2025-10-09&check_out=2025-10-19&search_mode=regular_search&category_tag=Tag%3A8678&photo_id=1874371840&source_impression_id=p3_1742766653_P3Azwm3gar40yN-w&previous_page_section_name=1000&federated_search_id=185195a8-755d-4435-a03d-faaae3fedaa4
2025-10-09 bis 2025-10-19,Zimmer in Herisau,48 CHF,https://www.airbnb.com/rooms/36876332?check_in=2025-10-09&check_out=2025-10-19&search_mode=regular_search&category_tag=Tag%3A8678&photo_id=811569625&source_impression_id=p3_1742766653_P3s69zW-f78KSPnP&previous_page_section_name=1000&federated_search_id=185195a8-755d-4435-a03d-faaae3fedaa4
2025-10-09 bis 2025-10-19,Wohnung in St. Gallen,80 CHF,https://www.airbnb.com/rooms/1374582409968593385?check_in=2025-10-09&check_out=2025-10-19&search_mode=regular_search&source_impression_id=p3_1742766653_P33CeRTatYoBMyIN&previous_page_section_name=1000&federated_search_id=185195a8-755d-4435-a03d-faaae3fedaa4
2025-10-09 bis 2025-10-19,Blockhütte in Altstätten,115 CHF,https://www.airbnb.com/rooms/35537281?check_in=2025-10-09&check_out=2025-10-19&search_mode=regular_search&source_impression_id=p3_1742766653_P3bU1mFOy5QBiuyb&previous_page_section_name=1000&federated_search_id=185195a8-755d-4435-a03d-faaae3fedaa4
2025-10-09 bis 2025-10-19,Zimmer in Heiden,96 CHF,https://www.airbnb.com/rooms/49139740?check_in=2025-10-09&check_out=2025-10-19&search_mode=regular_search&category_tag=Tag%3A8678&photo_id=1831447322&source_impression_id=p3_1742766653_P3uA0Rm4cu5JTEAK&previous_page_section_name=1000&federated_search_id=185195a8-755d-4435-a03d-faaae3fedaa4
2025-10-09 bis 2025-10-19,Privatunterkunft in Bühler,116 CHF,https://www.airbnb.com/rooms/856936169926329137?check_in=2025-10-09&check_out=2025-10-19&search_mode=regular_search&source_impression_id=p3_1742766653_P383g46NpuCMnhTR&previous_page_section_name=1000&federated_search_id=185195a8-755d-4435-a03d-faaae3fedaa4
2025-10-09 bis 2025-10-19,Loft in Gais,69 CHF,https://www.airbnb.com/rooms/44001489?check_in=2025-10-09&check_out=2025-10-19&search_mode=regular_search&source_impression_id=p3_1742766653_P3K6s7nnmN4WJS6s&previous_page_section_name=1000&federated_search_id=185195a8-755d-4435-a03d-faaae3fedaa4
2025-10-09 bis 2025-10-19,Wohnung in St. Gallen,133 CHF,https://www.airbnb.com/rooms/1166633516889674860?check_in=2025-10-09&check_out=2025-10-19&search_mode=regular_search&source_impression_id=p3_1742766653_P3kgAaLq6YNZleQe&previous_page_section_name=1000&federated_search_id=185195a8-755d-4435-a03d-faaae3fedaa4
2025-10-09 bis 2025-10-19,Eigentumswohnung in Gossau,127 CHF,https://www.airbnb.com/rooms/659216252477783109?check_in=2025-10-09&check_out=2025-10-19&search_mode=regular_search&source_impression_id=p3_1742766653_P3YHGIqCUXMFt50h&previous_page_section_name=1000&federated_search_id=185195a8-755d-4435-a03d-faaae3fedaa4
2025-10-09 bis 2025-10-19,Zimmer in St. Gallen,46 CHF,https://www.airbnb.com/rooms/27572098?check_in=2025-10-09&check_out=2025-10-19&search_mode=regular_search&category_tag=Tag%3A8678&photo_id=555263690&source_impression_id=p3_1742766653_P33_v09zhZSBgyIJ&previous_page_section_name=1000&federated_search_id=185195a8-755d-4435-a03d-faaae3fedaa4
2025-10-09 bis 2025-10-19,Unterkunft in St. Gallen,86 CHF,https://www.airbnb.com/rooms/22463812?check_in=2025-10-09&check_out=2025-10-19&search_mode=regular_search&source_impression_id=p3_1742766653_P3EcENwN5joEer1m&previous_page_section_name=1000&federated_search_id=185195a8-755d-4435-a03d-faaae3fedaa4
2025-10-09 bis 2025-10-19,Wohnung in Heiden,89 CHF,https://www.airbnb.com/rooms/18610865?check_in=2025-10-09&check_out=2025-10-19&search_mode=regular_search&source_impression_id=p3_1742766653_P3nv92Cslx-TPsDw&previous_page_section_name=1000&federated_search_id=185195a8-755d-4435-a03d-faaae3fedaa4
2025-10-09 bis 2025-10-19,Zimmer in Herisau,66 CHF,https://www.airbnb.com/rooms/25358802?check_in=2025-10-09&check_out=2025-10-19&search_mode=regular_search&category_tag=Tag%3A8678&photo_id=1057611759&source_impression_id=p3_1742766653_P3xH4F-VZbV_Igjd&previous_page_section_name=1000&federated_search_id=185195a8-755d-4435-a03d-faaae3fedaa4
2025-10-09 bis 2025-10-19,Wohnung in St. Gallen,188 CHF,https://www.airbnb.com/rooms/1379933544568619512?check_in=2025-10-09&check_out=2025-10-19&search_mode=regular_search&source_impression_id=p3_1742766653_P3DfCLCByLToqpGU&previous_page_section_name=1000&federated_search_id=185195a8-755d-4435-a03d-faaae3fedaa4
2025-10-09 bis 2025-10-19,Wohnung in St. Gallen,158 CHF,https://www.airbnb.com/rooms/1379957759830373868?check_in=2025-10-09&check_out=2025-10-19&search_mode=regular_search&source_impression_id=p3_1742766653_P3NWpISI41ACS255&previous_page_section_name=1000&federated_search_id=185195a8-755d-4435-a03d-faaae3fedaa4
2025-10-09 bis 2025-10-19,Wohnung in St. Gallen,386 CHF,https://www.airbnb.com/rooms/23339282?check_in=2025-10-09&check_out=2025-10-19&search_mode=regular_search&source_impression_id=p3_1742766666_P3-4tXG4wPCaqQsJ&previous_page_section_name=1000&federated_search_id=39a3abcb-221e-4a54-a53c-d0bc8ba4f54b
2025-10-09 bis 2025-10-19,Wohnung in Thal,108 CHF,https://www.airbnb.com/rooms/41358973?check_in=2025-10-09&check_out=2025-10-19&search_mode=regular_search&source_impression_id=p3_1742766666_P3O7NZGB-HFoGNHL&previous_page_section_name=1000&federated_search_id=39a3abcb-221e-4a54-a53c-d0bc8ba4f54b
2025-10-09 bis 2025-10-19,Wohnung in St. Gallen,196 CHF,https://www.airbnb.com/rooms/20826839?check_in=2025-10-09&check_out=2025-10-19&search_mode=regular_search&source_impression_id=p3_1742766666_P3EVpVAvNuH5qQO6&previous_page_section_name=1000&federated_search_id=39a3abcb-221e-4a54-a53c-d0bc8ba4f54b
2025-10-09 bis 2025-10-19,Wohnung in Heiden,84 CHF,https://www.airbnb.com/rooms/1023995351985106951?check_in=2025-10-09&check_out=2025-10-19&search_mode=regular_search&source_impression_id=p3_1742766666_P3HfMmiFWFMvd1RK&previous_page_section_name=1000&federated_search_id=39a3abcb-221e-4a54-a53c-d0bc8ba4f54b
2025-10-09 bis 2025-10-19,Eigentumswohnung in St. Gallen,203 CHF,https://www.airbnb.com/rooms/1230144744532404398?check_in=2025-10-09&check_out=2025-10-19&search_mode=regular_search&source_impression_id=p3_1742766666_P3FvA4N49R73B5UX&previous_page_section_name=1000&federated_search_id=39a3abcb-221e-4a54-a53c-d0bc8ba4f54b
2025-10-09 bis 2025-10-19,Zimmer in St. Gallen,51 CHF,https://www.airbnb.com/rooms/27068229?check_in=2025-10-09&check_out=2025-10-19&search_mode=regular_search&category_tag=Tag%3A8678&photo_id=837652346&source_impression_id=p3_1742766666_P3cemnEmXW6xtDMB&previous_page_section_name=1000&federated_search_id=39a3abcb-221e-4a54-a53c-d0bc8ba4f54b
