Name,Preis,Links,Event
Schönes Zimmer in der Nähe von HSG,62 CHF,https://www.airbnb.ch/rooms/1188930325214083127?adults=1&check_in=2025-06-26&check_out=2025-06-29&search_mode=regular_search&category_tag=Tag%3A8678&photo_id=1940734657&source_impression_id=p3_1742320618_P3OifpYgi8ma_h1z&previous_page_section_name=1000&federated_search_id=ec47c896-4e13-41e8-a19d-d7aee904a5d0,Open Air
winzige Wohnung,95 CHF,https://www.airbnb.ch/rooms/54369584?adults=1&check_in=2025-06-26&check_out=2025-06-29&search_mode=regular_search&source_impression_id=p3_1742320637_P3xQyfXWwsWUWuFL&previous_page_section_name=1000&federated_search_id=ec47c896-4e13-41e8-a19d-d7aee904a5d0,Open Air
Altbau-Oase/ Zentral & Gemütlich,145 CHF,https://www.airbnb.ch/rooms/1378779785675848684?adults=1&check_in=2025-06-26&check_out=2025-06-29&search_mode=regular_search&source_impression_id=p3_1742320638_P31f15DrY8aRCWHd&previous_page_section_name=1000&federated_search_id=ec47c896-4e13-41e8-a19d-d7aee904a5d0,Open Air
Zimmer mit separater Dusche,38 CHF,https://www.airbnb.ch/rooms/32656994?adults=1&check_in=2025-06-26&check_out=2025-06-29&search_mode=regular_search&category_tag=Tag%3A8678&photo_id=997136320&source_impression_id=p3_1742320638_P3AOrmsycWlRr87R&previous_page_section_name=1000&federated_search_id=ec47c896-4e13-41e8-a19d-d7aee904a5d0,Open Air
Bijoux Ferienwohnung auf Bauernhof im Wald,87 CHF,https://www.airbnb.ch/rooms/52139216?adults=1&check_in=2025-06-26&check_out=2025-06-29&search_mode=regular_search&source_impression_id=p3_1742320638_P39KQEgKZXzyyuNV&previous_page_section_name=1000&federated_search_id=ec47c896-4e13-41e8-a19d-d7aee904a5d0,Open Air
St. Gallen Zimmer Nähe OLMA/Uni/Zentrum Jugendstil,70 CHF,https://www.airbnb.ch/rooms/697517?adults=1&check_in=2025-06-26&check_out=2025-06-29&search_mode=regular_search&category_tag=Tag%3A8678&photo_id=1349005821&source_impression_id=p3_1742320639_P34SZwryhz-aIfIh&previous_page_section_name=1000&federated_search_id=ec47c896-4e13-41e8-a19d-d7aee904a5d0,Open Air
"gemütliches Studio im EG, im Appenzellerland",53 CHF,https://www.airbnb.ch/rooms/49508201?adults=1&check_in=2025-06-26&check_out=2025-06-29&search_mode=regular_search&source_impression_id=p3_1742320640_P3Q19_CWYewaji3c&previous_page_section_name=1000&federated_search_id=ec47c896-4e13-41e8-a19d-d7aee904a5d0,Open Air
"Histor. grossbürgerl. Wohnhaus, ruhige Lage",44 CHF,https://www.airbnb.ch/rooms/43076325?adults=1&check_in=2025-06-26&check_out=2025-06-29&search_mode=regular_search&category_tag=Tag%3A8678&photo_id=1136469183&source_impression_id=p3_1742320640_P3hcRzPmlQrbTly0&previous_page_section_name=1000&federated_search_id=ec47c896-4e13-41e8-a19d-d7aee904a5d0,Open Air
"Schönes Einzelzimmer, zentral",30 CHF,https://www.airbnb.ch/rooms/1249206762119913900?adults=1&check_in=2025-06-26&check_out=2025-06-29&search_mode=regular_search&category_tag=Tag%3A8678&photo_id=2077775382&source_impression_id=p3_1742320641_P3hvbxw6AT4xQXEw&previous_page_section_name=1000&federated_search_id=ec47c896-4e13-41e8-a19d-d7aee904a5d0,Open Air
Moderne Wohnung nahe OLMA Messe,190 CHF,https://www.airbnb.ch/rooms/1378804535792044479?adults=1&check_in=2025-06-26&check_out=2025-06-29&search_mode=regular_search&source_impression_id=p3_1742320641_P3nb8KKiXsWGOq1o&previous_page_section_name=1000&federated_search_id=ec47c896-4e13-41e8-a19d-d7aee904a5d0,Open Air
Schöne 2 1/2 Zimmer Dachwohnung,81 CHF,https://www.airbnb.ch/rooms/964210138285327314?adults=1&check_in=2025-06-26&check_out=2025-06-29&search_mode=regular_search&source_impression_id=p3_1742320641_P3nmLOpHnRe1Lg-q&previous_page_section_name=1000&federated_search_id=ec47c896-4e13-41e8-a19d-d7aee904a5d0,Open Air
gemütliches Zimmer mit Privatsphäre,39 CHF,https://www.airbnb.ch/rooms/33425237?adults=1&check_in=2025-06-26&check_out=2025-06-29&search_mode=regular_search&category_tag=Tag%3A8678&photo_id=1682983843&source_impression_id=p3_1742320641_P3JqMfnyMRJn4rld&previous_page_section_name=1000&federated_search_id=ec47c896-4e13-41e8-a19d-d7aee904a5d0,Open Air
Frisch Renovierte Wohnung,87 CHF,https://www.airbnb.ch/rooms/1378365051883699202?adults=1&check_in=2025-06-26&check_out=2025-06-29&search_mode=regular_search&source_impression_id=p3_1742320641_P3K6tDpS-Lx55dD9&previous_page_section_name=1000&federated_search_id=ec47c896-4e13-41e8-a19d-d7aee904a5d0,Open Air
Zentrale Stadtwohnung mit Terasse,180 CHF,https://www.airbnb.ch/rooms/42128949?adults=1&check_in=2025-06-26&check_out=2025-06-29&search_mode=regular_search&source_impression_id=p3_1742320641_P3OPI3rAIfffhfN6&previous_page_section_name=1000&federated_search_id=ec47c896-4e13-41e8-a19d-d7aee904a5d0,Open Air
Im Grünen nahe des Zentrum (Familienzimmer 2+2),60 CHF,https://www.airbnb.ch/rooms/18440897?adults=1&check_in=2025-06-26&check_out=2025-06-29&search_mode=regular_search&category_tag=Tag%3A8678&photo_id=300964172&source_impression_id=p3_1742320641_P3hLSTVpijHbCxjL&previous_page_section_name=1000&federated_search_id=ec47c896-4e13-41e8-a19d-d7aee904a5d0,Open Air
"Birkenhof, Haus Märli",500 CHF,https://www.airbnb.ch/rooms/1254262698928353569?adults=1&check_in=2025-06-26&check_out=2025-06-29&search_mode=regular_search&source_impression_id=p3_1742320641_P3Zwojeh8FoucwR9&previous_page_section_name=1000&federated_search_id=ec47c896-4e13-41e8-a19d-d7aee904a5d0,Open Air
Komfortables Doppelzimmer – zentral,34 CHF,https://www.airbnb.ch/rooms/1257925754839001182?adults=1&check_in=2025-06-26&check_out=2025-06-29&search_mode=regular_search&category_tag=Tag%3A8678&photo_id=2003974947&source_impression_id=p3_1742320641_P39I90nr-FR4v5O1&previous_page_section_name=1000&federated_search_id=ec47c896-4e13-41e8-a19d-d7aee904a5d0,Open Air
Nah an der Natur und ÖV vor der Tür (mit Ticket),65 CHF,https://www.airbnb.ch/rooms/7655133?adults=1&check_in=2025-06-26&check_out=2025-06-29&search_mode=regular_search&category_tag=Tag%3A8678&photo_id=1421192468&source_impression_id=p3_1742320641_P3MQQVhM3xGJXCIl&previous_page_section_name=1000&federated_search_id=ec47c896-4e13-41e8-a19d-d7aee904a5d0,Open Air
Zentrale Stadtwohnung mit Terasse,180 CHF,https://www.airbnb.ch/rooms/42128949?adults=1&check_in=2025-06-26&check_out=2025-06-29&search_mode=regular_search&source_impression_id=p3_1742321970_P3BXDcYBttElHCjZ&previous_page_section_name=1000&federated_search_id=7f07d34d-d3a7-4e4b-859e-0fc71aa314e9,Open Air
Charmante Wohnung in Nähe WBZ Holzweid (HSG),130 CHF,https://www.airbnb.ch/rooms/921752024715826992?adults=1&check_in=2025-06-26&check_out=2025-06-29&search_mode=regular_search&source_impression_id=p3_1742321988_P385dEqmnHUrimRj&previous_page_section_name=1000&federated_search_id=7f07d34d-d3a7-4e4b-859e-0fc71aa314e9,Open Air
Leimathof Attica,149 CHF,https://www.airbnb.ch/rooms/34164018?adults=1&check_in=2025-06-26&check_out=2025-06-29&search_mode=regular_search&source_impression_id=p3_1742321993_P3gS31EUGoLjlr9P&previous_page_section_name=1000&federated_search_id=7f07d34d-d3a7-4e4b-859e-0fc71aa314e9,Open Air
Moderne Wohnung nahe OLMA Messe,190 CHF,https://www.airbnb.ch/rooms/1378804535792044479?adults=1&check_in=2025-06-26&check_out=2025-06-29&search_mode=regular_search&source_impression_id=p3_1742321997_P3MHse9Ra9wQsISs&previous_page_section_name=1000&federated_search_id=7f07d34d-d3a7-4e4b-859e-0fc71aa314e9,Open Air
Schönes Zimmer in der Nähe von HSG,62 CHF,https://www.airbnb.ch/rooms/1188930325214083127?adults=1&check_in=2025-06-26&check_out=2025-06-29&search_mode=regular_search&category_tag=Tag%3A8678&photo_id=1940734657&source_impression_id=p3_1742321997_P3wdiZ6Nz79GHFn_&previous_page_section_name=1000&federated_search_id=7f07d34d-d3a7-4e4b-859e-0fc71aa314e9,Open Air
St. Gallen Zimmer Nähe OLMA/Uni/Zentrum Jugendstil,70 CHF,https://www.airbnb.ch/rooms/697517?adults=1&check_in=2025-06-26&check_out=2025-06-29&search_mode=regular_search&category_tag=Tag%3A8678&photo_id=1349005821&source_impression_id=p3_1742321999_P3ewR5rQnHM5rOhb&previous_page_section_name=1000&federated_search_id=7f07d34d-d3a7-4e4b-859e-0fc71aa314e9,Open Air
Bijoux Ferienwohnung auf Bauernhof im Wald,87 CHF,https://www.airbnb.ch/rooms/52139216?adults=1&check_in=2025-06-26&check_out=2025-06-29&search_mode=regular_search&source_impression_id=p3_1742321999_P30AxeEoNMvHhZ4s&previous_page_section_name=1000&federated_search_id=7f07d34d-d3a7-4e4b-859e-0fc71aa314e9,Open Air
winzige Wohnung,95 CHF,https://www.airbnb.ch/rooms/54369584?adults=1&check_in=2025-06-26&check_out=2025-06-29&search_mode=regular_search&source_impression_id=p3_1742321999_P3ZZEdt4g-90ydog&previous_page_section_name=1000&federated_search_id=7f07d34d-d3a7-4e4b-859e-0fc71aa314e9,Open Air
Zimmer mit separater Dusche,38 CHF,https://www.airbnb.ch/rooms/32656994?adults=1&check_in=2025-06-26&check_out=2025-06-29&search_mode=regular_search&category_tag=Tag%3A8678&photo_id=997136320&source_impression_id=p3_1742321999_P37w_lDn-uSprgTj&previous_page_section_name=1000&federated_search_id=7f07d34d-d3a7-4e4b-859e-0fc71aa314e9,Open Air
Altbau-Oase/ Zentral & Gemütlich,145 CHF,https://www.airbnb.ch/rooms/1378779785675848684?adults=1&check_in=2025-06-26&check_out=2025-06-29&search_mode=regular_search&source_impression_id=p3_1742321999_P3BkN8CFkicYIEK7&previous_page_section_name=1000&federated_search_id=7f07d34d-d3a7-4e4b-859e-0fc71aa314e9,Open Air
"Schönes Einzelzimmer, zentral",30 CHF,https://www.airbnb.ch/rooms/1249206762119913900?adults=1&check_in=2025-06-26&check_out=2025-06-29&search_mode=regular_search&category_tag=Tag%3A8678&photo_id=2077775382&source_impression_id=p3_1742321999_P3VH8G8cL35CIHV7&previous_page_section_name=1000&federated_search_id=7f07d34d-d3a7-4e4b-859e-0fc71aa314e9,Open Air
Schöne 2 1/2 Zimmer Dachwohnung,81 CHF,https://www.airbnb.ch/rooms/964210138285327314?adults=1&check_in=2025-06-26&check_out=2025-06-29&search_mode=regular_search&source_impression_id=p3_1742321999_P3QL20JqpogLp7rT&previous_page_section_name=1000&federated_search_id=7f07d34d-d3a7-4e4b-859e-0fc71aa314e9,Open Air
Gartenstudio in Appenzellerhaus,52 CHF,https://www.airbnb.ch/rooms/3581317?adults=1&check_in=2025-06-26&check_out=2025-06-29&search_mode=regular_search&source_impression_id=p3_1742321999_P3eJgoVIqhIRScMp&previous_page_section_name=1000&federated_search_id=7f07d34d-d3a7-4e4b-859e-0fc71aa314e9,Open Air
Nah an der Natur und ÖV vor der Tür (mit Ticket),65 CHF,https://www.airbnb.ch/rooms/7655133?adults=1&check_in=2025-06-26&check_out=2025-06-29&search_mode=regular_search&category_tag=Tag%3A8678&photo_id=1421192468&source_impression_id=p3_1742321999_P39YRkU3hBfwAmfV&previous_page_section_name=1000&federated_search_id=7f07d34d-d3a7-4e4b-859e-0fc71aa314e9,Open Air
Im Grünen nahe des Zentrum (Familienzimmer 2+2),60 CHF,https://www.airbnb.ch/rooms/18440897?adults=1&check_in=2025-06-26&check_out=2025-06-29&search_mode=regular_search&category_tag=Tag%3A8678&photo_id=300964172&source_impression_id=p3_1742322000_P3BMUQjiGvSvOFD0&previous_page_section_name=1000&federated_search_id=7f07d34d-d3a7-4e4b-859e-0fc71aa314e9,Open Air
"Birkenhof, Haus Märli",500 CHF,https://www.airbnb.ch/rooms/1254262698928353569?adults=1&check_in=2025-06-26&check_out=2025-06-29&search_mode=regular_search&source_impression_id=p3_1742322002_P33yNKRDSSMu-mUg&previous_page_section_name=1000&federated_search_id=7f07d34d-d3a7-4e4b-859e-0fc71aa314e9,Open Air
"Queensize-Bett, Arbeitsplatz, gratis Parkplatz",274 CHF,https://www.airbnb.ch/rooms/1309616210634972262?adults=1&check_in=2025-06-26&check_out=2025-06-29&search_mode=regular_search&source_impression_id=p3_1742322002_P3y9x5nufUno2yEa&previous_page_section_name=1000&federated_search_id=7f07d34d-d3a7-4e4b-859e-0fc71aa314e9,Open Air
"Ruhig, City-und Naturnah, inkl. Parkplatz & Balkon",,https://www.airbnb.ch/rooms/1280932025399837362?adults=1&check_in=2025-06-26&check_out=2025-06-29&search_mode=regular_search&source_impression_id=p3_1742322002_P3960P8SPKptBC8x&previous_page_section_name=1000&federated_search_id=7f07d34d-d3a7-4e4b-859e-0fc71aa314e9,Open Air
"Herisau, Zuhause mittendrin und trotzdem ruhig",50 CHF,https://www.airbnb.ch/rooms/25358802?adults=1&check_in=2025-06-26&check_out=2025-06-29&search_mode=regular_search&category_tag=Tag%3A8678&photo_id=1057611759&source_impression_id=p3_1742323432_P3MQSCLCKGUQRX2J&previous_page_section_name=1000&federated_search_id=6f96250d-d3c1-4106-9aa2-c2100a274c7b,Open Air
"Ruhig, City-und Naturnah, inkl. Parkplatz & Balkon",276 CHF,https://www.airbnb.ch/rooms/1280932025399837362?adults=1&check_in=2025-06-26&check_out=2025-06-29&search_mode=regular_search&source_impression_id=p3_1742323437_P3YS4-EYn8ICuINS&previous_page_section_name=1000&federated_search_id=6f96250d-d3c1-4106-9aa2-c2100a274c7b,Open Air
Schöne Wohnung im Herzen von Herisau bis 4 Gäste,200 CHF,https://www.airbnb.ch/rooms/52104598?adults=1&check_in=2025-06-26&check_out=2025-06-29&search_mode=regular_search&source_impression_id=p3_1742323438_P3Wo2H2tYEQCS40q&previous_page_section_name=1000&federated_search_id=6f96250d-d3c1-4106-9aa2-c2100a274c7b,Open Air
Gemütliche Wohnung in St. Gallen,115 CHF,https://www.airbnb.ch/rooms/1201532087872965913?adults=1&check_in=2025-06-26&check_out=2025-06-29&search_mode=regular_search&source_impression_id=p3_1742323438_P3sywpYhlvNyWHDC&previous_page_section_name=1000&federated_search_id=6f96250d-d3c1-4106-9aa2-c2100a274c7b,Open Air
Schöne Wohnung im Herzen von Herisau bis 6 Gäste,300 CHF,https://www.airbnb.ch/rooms/52105121?adults=1&check_in=2025-06-26&check_out=2025-06-29&search_mode=regular_search&source_impression_id=p3_1742323438_P3hT3ciUkIP34gPo&previous_page_section_name=1000&federated_search_id=6f96250d-d3c1-4106-9aa2-c2100a274c7b,Open Air
Moderne Ruheoase auf entlegenem Hügel,130 CHF,https://www.airbnb.ch/rooms/752011886508070402?adults=1&check_in=2025-06-26&check_out=2025-06-29&search_mode=regular_search&source_impression_id=p3_1742323438_P3IuvWw73B-5tnlq&previous_page_section_name=1000&federated_search_id=6f96250d-d3c1-4106-9aa2-c2100a274c7b,Open Air
St. Gallen Zimmer Nähe OLMA/Uni/Zentrum Jugendstil,70 CHF,https://www.airbnb.ch/rooms/697517?adults=1&check_in=2025-06-26&check_out=2025-06-29&search_mode=regular_search&category_tag=Tag%3A8678&photo_id=1349005821&source_impression_id=p3_1742323438_P3AYffPtJv8TLK35&previous_page_section_name=1000&federated_search_id=6f96250d-d3c1-4106-9aa2-c2100a274c7b,Open Air
Altbau-Oase/ Zentral & Gemütlich,145 CHF,https://www.airbnb.ch/rooms/1378779785675848684?adults=1&check_in=2025-06-26&check_out=2025-06-29&search_mode=regular_search&source_impression_id=p3_1742323438_P3qmbnXnzAWG7llZ&previous_page_section_name=1000&federated_search_id=6f96250d-d3c1-4106-9aa2-c2100a274c7b,Open Air
Zimmer mit separater Dusche,38 CHF,https://www.airbnb.ch/rooms/32656994?adults=1&check_in=2025-06-26&check_out=2025-06-29&search_mode=regular_search&category_tag=Tag%3A8678&photo_id=997136320&source_impression_id=p3_1742323438_P3Y4SC3y8d8Ug3YI&previous_page_section_name=1000&federated_search_id=6f96250d-d3c1-4106-9aa2-c2100a274c7b,Open Air
Schönes Zimmer in der Nähe von HSG,62 CHF,https://www.airbnb.ch/rooms/1188930325214083127?adults=1&check_in=2025-06-26&check_out=2025-06-29&search_mode=regular_search&category_tag=Tag%3A8678&photo_id=1940734657&source_impression_id=p3_1742323438_P34CZ9xZh0OoS0uk&previous_page_section_name=1000&federated_search_id=6f96250d-d3c1-4106-9aa2-c2100a274c7b,Open Air
Bijoux Ferienwohnung auf Bauernhof im Wald,87 CHF,https://www.airbnb.ch/rooms/52139216?adults=1&check_in=2025-06-26&check_out=2025-06-29&search_mode=regular_search&source_impression_id=p3_1742323438_P3pZPiUTysXD3sBw&previous_page_section_name=1000&federated_search_id=6f96250d-d3c1-4106-9aa2-c2100a274c7b,Open Air
winzige Wohnung,95 CHF,https://www.airbnb.ch/rooms/54369584?adults=1&check_in=2025-06-26&check_out=2025-06-29&search_mode=regular_search&source_impression_id=p3_1742323438_P3KVsMsegw4gvti8&previous_page_section_name=1000&federated_search_id=6f96250d-d3c1-4106-9aa2-c2100a274c7b,Open Air
"Schönes Einzelzimmer, zentral",30 CHF,https://www.airbnb.ch/rooms/1249206762119913900?adults=1&check_in=2025-06-26&check_out=2025-06-29&search_mode=regular_search&category_tag=Tag%3A8678&photo_id=2077775382&source_impression_id=p3_1742323438_P3XQBgn0JDi1QWVy&previous_page_section_name=1000&federated_search_id=6f96250d-d3c1-4106-9aa2-c2100a274c7b,Open Air
Moderne Wohnung nahe OLMA Messe,190 CHF,https://www.airbnb.ch/rooms/1378804535792044479?adults=1&check_in=2025-06-26&check_out=2025-06-29&search_mode=regular_search&source_impression_id=p3_1742323438_P3gKQklUYgzdl2Q4&previous_page_section_name=1000&federated_search_id=6f96250d-d3c1-4106-9aa2-c2100a274c7b,Open Air
"Histor. grossbürgerl. Wohnhaus, ruhige Lage",44 CHF,https://www.airbnb.ch/rooms/43076325?adults=1&check_in=2025-06-26&check_out=2025-06-29&search_mode=regular_search&category_tag=Tag%3A8678&photo_id=1136469183&source_impression_id=p3_1742323438_P3zgcdBTliGUOMDj&previous_page_section_name=1000&federated_search_id=6f96250d-d3c1-4106-9aa2-c2100a274c7b,Open Air
Zentrale Stadtwohnung mit Terasse,180 CHF,https://www.airbnb.ch/rooms/42128949?adults=1&check_in=2025-06-26&check_out=2025-06-29&search_mode=regular_search&source_impression_id=p3_1742323438_P3FjOATG-c3gAxoD&previous_page_section_name=1000&federated_search_id=6f96250d-d3c1-4106-9aa2-c2100a274c7b,Open Air
"Birkenhof, Haus Märli",500 CHF,https://www.airbnb.ch/rooms/1254262698928353569?adults=1&check_in=2025-06-26&check_out=2025-06-29&search_mode=regular_search&source_impression_id=p3_1742323438_P37c7A0lIk6mwI4w&previous_page_section_name=1000&federated_search_id=6f96250d-d3c1-4106-9aa2-c2100a274c7b,Open Air
Schöne 2 1/2 Zimmer Dachwohnung,81 CHF,https://www.airbnb.ch/rooms/964210138285327314?adults=1&check_in=2025-06-26&check_out=2025-06-29&search_mode=regular_search&source_impression_id=p3_1742323438_P3Jadcb3bq-d7U1L&previous_page_section_name=1000&federated_search_id=6f96250d-d3c1-4106-9aa2-c2100a274c7b,Open Air
"Ruhig, Gratis Parkplatz, Balkon & im 1. Stockwerk",276 CHF,https://www.airbnb.ch/rooms/1279050772829252627?adults=1&check_in=2025-06-26&check_out=2025-06-29&search_mode=regular_search&source_impression_id=p3_1742324812_P3KAw2itdwlbmknw&previous_page_section_name=1000&federated_search_id=77c51cf2-e33b-45eb-b6a6-59605e79192f,Open Air
"Nachhaltig Wohnen im 1. Stock, gratis Parkplatz!",230 CHF,https://www.airbnb.ch/rooms/631007400205214375?adults=1&check_in=2025-06-26&check_out=2025-06-29&search_mode=regular_search&source_impression_id=p3_1742324813_P35R1MiYvSn72kaL&previous_page_section_name=1000&federated_search_id=77c51cf2-e33b-45eb-b6a6-59605e79192f,Open Air
St.-Gallen Ost 1 IN OLMA IN Zentral I Culture,317 CHF,https://www.airbnb.ch/rooms/1312926767571539260?adults=1&check_in=2025-06-26&check_out=2025-06-29&search_mode=regular_search&source_impression_id=p3_1742324813_P3oTFsnfyjaA6-m3&previous_page_section_name=1000&federated_search_id=77c51cf2-e33b-45eb-b6a6-59605e79192f,Open Air
TouchBed | Budget-Studio,199 CHF,https://www.airbnb.ch/rooms/22469139?adults=1&check_in=2025-06-26&check_out=2025-06-29&search_mode=regular_search&source_impression_id=p3_1742324813_P3ss_FRmPA93J0XW&previous_page_section_name=1000&federated_search_id=77c51cf2-e33b-45eb-b6a6-59605e79192f,Open Air
Schönes Zimmer in der Nähe von HSG,62 CHF,https://www.airbnb.ch/rooms/1188930325214083127?adults=1&check_in=2025-06-26&check_out=2025-06-29&search_mode=regular_search&category_tag=Tag%3A8678&photo_id=1940734657&source_impression_id=p3_1742324813_P3jNhlkz1HfqT8Ws&previous_page_section_name=1000&federated_search_id=77c51cf2-e33b-45eb-b6a6-59605e79192f,Open Air
St. Gallen Zimmer Nähe OLMA/Uni/Zentrum Jugendstil,70 CHF,https://www.airbnb.ch/rooms/697517?adults=1&check_in=2025-06-26&check_out=2025-06-29&search_mode=regular_search&category_tag=Tag%3A8678&photo_id=1349005821&source_impression_id=p3_1742324813_P3VVMkkJ2IZe9hxk&previous_page_section_name=1000&federated_search_id=77c51cf2-e33b-45eb-b6a6-59605e79192f,Open Air
Zimmer mit separater Dusche,38 CHF,https://www.airbnb.ch/rooms/32656994?adults=1&check_in=2025-06-26&check_out=2025-06-29&search_mode=regular_search&category_tag=Tag%3A8678&photo_id=997136320&source_impression_id=p3_1742324814_P3Or6vc6jxDpQ60w&previous_page_section_name=1000&federated_search_id=77c51cf2-e33b-45eb-b6a6-59605e79192f,Open Air
Altbau-Oase/ Zentral & Gemütlich,145 CHF,https://www.airbnb.ch/rooms/1378779785675848684?adults=1&check_in=2025-06-26&check_out=2025-06-29&search_mode=regular_search&source_impression_id=p3_1742323438_P3qmbnXnzAWG7llZ&previous_page_section_name=1000&federated_search_id=77c51cf2-e33b-45eb-b6a6-59605e79192f,Open Air
"Birkenhof, Haus Märli",500 CHF,https://www.airbnb.ch/rooms/1254262698928353569?adults=1&check_in=2025-06-26&check_out=2025-06-29&search_mode=regular_search&source_impression_id=p3_1742324814_P3uUroLVtdwYQjNO&previous_page_section_name=1000&federated_search_id=77c51cf2-e33b-45eb-b6a6-59605e79192f,Open Air
"Ruhig, City-und Naturnah, inkl. Parkplatz & Balkon",276 CHF,https://www.airbnb.ch/rooms/1280932025399837362?adults=1&check_in=2025-06-26&check_out=2025-06-29&search_mode=regular_search&source_impression_id=p3_1742324816_P3IvAdgf05QYa3CW&previous_page_section_name=1000&federated_search_id=77c51cf2-e33b-45eb-b6a6-59605e79192f,Open Air
Bijoux Ferienwohnung auf Bauernhof im Wald,87 CHF,https://www.airbnb.ch/rooms/52139216?adults=1&check_in=2025-06-26&check_out=2025-06-29&search_mode=regular_search&source_impression_id=p3_1742323438_P3pZPiUTysXD3sBw&previous_page_section_name=1000&federated_search_id=77c51cf2-e33b-45eb-b6a6-59605e79192f,Open Air
Moderne Wohnung nahe OLMA Messe,190 CHF,https://www.airbnb.ch/rooms/1378804535792044479?adults=1&check_in=2025-06-26&check_out=2025-06-29&search_mode=regular_search&source_impression_id=p3_1742324817_P3R18_CQLA13t8m0&previous_page_section_name=1000&federated_search_id=77c51cf2-e33b-45eb-b6a6-59605e79192f,Open Air
Schöne 2 1/2 Zimmer Dachwohnung,81 CHF,https://www.airbnb.ch/rooms/964210138285327314?adults=1&check_in=2025-06-26&check_out=2025-06-29&search_mode=regular_search&source_impression_id=p3_1742324817_P3u-9AMg6984fkqV&previous_page_section_name=1000&federated_search_id=77c51cf2-e33b-45eb-b6a6-59605e79192f,Open Air
Zentrale Stadtwohnung mit Terasse,180 CHF,https://www.airbnb.ch/rooms/42128949?adults=1&check_in=2025-06-26&check_out=2025-06-29&search_mode=regular_search&source_impression_id=p3_1742324817_P3LiBrZLwQUsspVF&previous_page_section_name=1000&federated_search_id=77c51cf2-e33b-45eb-b6a6-59605e79192f,Open Air
winzige Wohnung,95 CHF,https://www.airbnb.ch/rooms/54369584?adults=1&check_in=2025-06-26&check_out=2025-06-29&search_mode=regular_search&source_impression_id=p3_1742324817_P3-Y9ZvA2KvR6cTU&previous_page_section_name=1000&federated_search_id=77c51cf2-e33b-45eb-b6a6-59605e79192f,Open Air
Nah an der Natur und ÖV vor der Tür (mit Ticket),65 CHF,https://www.airbnb.ch/rooms/7655133?adults=1&check_in=2025-06-26&check_out=2025-06-29&search_mode=regular_search&category_tag=Tag%3A8678&photo_id=1421192468&source_impression_id=p3_1742324817_P361YfM7YUedY_me&previous_page_section_name=1000&federated_search_id=77c51cf2-e33b-45eb-b6a6-59605e79192f,Open Air
Im Grünen nahe des Zentrum (Familienzimmer 2+2),60 CHF,https://www.airbnb.ch/rooms/18440897?adults=1&check_in=2025-06-26&check_out=2025-06-29&search_mode=regular_search&category_tag=Tag%3A8678&photo_id=300964172&source_impression_id=p3_1742324817_P3FkYrHuTdkDlndN&previous_page_section_name=1000&federated_search_id=77c51cf2-e33b-45eb-b6a6-59605e79192f,Open Air
"Schönes Einzelzimmer, zentral",30 CHF,https://www.airbnb.ch/rooms/1249206762119913900?adults=1&check_in=2025-06-26&check_out=2025-06-29&search_mode=regular_search&category_tag=Tag%3A8678&photo_id=2077775382&source_impression_id=p3_1742324817_P3w7ysdiYVy1CnKv&previous_page_section_name=1000&federated_search_id=77c51cf2-e33b-45eb-b6a6-59605e79192f,Open Air
Bijou im Rocky Docky Haus,89 CHF,https://www.airbnb.ch/rooms/1156600890595040497?adults=1&check_in=2025-06-26&check_out=2025-06-29&search_mode=regular_search&source_impression_id=p3_1742326370_P31tfD3jdrMIi8CP&previous_page_section_name=1000&federated_search_id=ad5738a3-58a4-4119-9ee4-c5c784a5f02e,Open Air
Fühl dich wie zuhause,150 CHF,https://www.airbnb.ch/rooms/18659322?adults=1&check_in=2025-06-26&check_out=2025-06-29&search_mode=regular_search&source_impression_id=p3_1742326348_P37pJrZECjndbv3_&previous_page_section_name=1000&federated_search_id=ad5738a3-58a4-4119-9ee4-c5c784a5f02e,Open Air
Bijoux Ferienwohnung auf Bauernhof im Wald,87 CHF,https://www.airbnb.ch/rooms/52139216?adults=1&check_in=2025-06-26&check_out=2025-06-29&search_mode=regular_search&source_impression_id=p3_1742326351_P3aoOVjGRHtZU2lw&previous_page_section_name=1000&federated_search_id=ad5738a3-58a4-4119-9ee4-c5c784a5f02e,Open Air
Moderne Wohnung nahe OLMA Messe,,https://www.airbnb.ch/rooms/1378804535792044479?adults=1&check_in=2025-06-26&check_out=2025-06-29&search_mode=regular_search&source_impression_id=p3_1742326351_P31FrCM2UOOZH65Y&previous_page_section_name=1000&federated_search_id=ad5738a3-58a4-4119-9ee4-c5c784a5f02e,Open Air
"Birkenhof, Haus Märli",,https://www.airbnb.ch/rooms/1254262698928353569?adults=1&check_in=2025-06-26&check_out=2025-06-29&search_mode=regular_search&source_impression_id=p3_1742326351_P3QqNe-bb0AOpsYq&previous_page_section_name=1000&federated_search_id=ad5738a3-58a4-4119-9ee4-c5c784a5f02e,Open Air
St. Gallen Zimmer Nähe OLMA/Uni/Zentrum Jugendstil,70 CHF,https://www.airbnb.ch/rooms/697517?adults=1&check_in=2025-06-26&check_out=2025-06-29&search_mode=regular_search&category_tag=Tag%3A8678&photo_id=1349005821&source_impression_id=p3_1742326351_P3TNxxZsXMGwUxp8&previous_page_section_name=1000&federated_search_id=ad5738a3-58a4-4119-9ee4-c5c784a5f02e,Open Air
"Ruhig, City-und Naturnah, inkl. Parkplatz & Balkon",276 CHF,https://www.airbnb.ch/rooms/1280932025399837362?adults=1&check_in=2025-06-26&check_out=2025-06-29&search_mode=regular_search&source_impression_id=p3_1742326351_P3gU1LsQcAN85vTB&previous_page_section_name=1000&federated_search_id=ad5738a3-58a4-4119-9ee4-c5c784a5f02e,Open Air
Schönes Zimmer in der Nähe von HSG,62 CHF,https://www.airbnb.ch/rooms/1188930325214083127?adults=1&check_in=2025-06-26&check_out=2025-06-29&search_mode=regular_search&category_tag=Tag%3A8678&photo_id=1940734657&source_impression_id=p3_1742326351_P3iSSWqzexm8bbHi&previous_page_section_name=1000&federated_search_id=ad5738a3-58a4-4119-9ee4-c5c784a5f02e,Open Air
Altbau-Oase/ Zentral & Gemütlich,,https://www.airbnb.ch/rooms/1378779785675848684?adults=1&check_in=2025-06-26&check_out=2025-06-29&search_mode=regular_search&source_impression_id=p3_1742326351_P3_kXj7q8aDZr1E7&previous_page_section_name=1000&federated_search_id=ad5738a3-58a4-4119-9ee4-c5c784a5f02e,Open Air
Zimmer mit separater Dusche,38 CHF,https://www.airbnb.ch/rooms/32656994?adults=1&check_in=2025-06-26&check_out=2025-06-29&search_mode=regular_search&category_tag=Tag%3A8678&photo_id=997136320&source_impression_id=p3_1742326351_P3P4MIk4onWv53F3&previous_page_section_name=1000&federated_search_id=ad5738a3-58a4-4119-9ee4-c5c784a5f02e,Open Air
Zentrale Stadtwohnung mit Terasse,,https://www.airbnb.ch/rooms/42128949?adults=1&check_in=2025-06-26&check_out=2025-06-29&search_mode=regular_search&source_impression_id=p3_1742326351_P3BhstyNryNiKwvJ&previous_page_section_name=1000&federated_search_id=ad5738a3-58a4-4119-9ee4-c5c784a5f02e,Open Air
"Histor. grossbürgerl. Wohnhaus, ruhige Lage",44 CHF,https://www.airbnb.ch/rooms/43076325?adults=1&check_in=2025-06-26&check_out=2025-06-29&search_mode=regular_search&category_tag=Tag%3A8678&photo_id=1136469183&source_impression_id=p3_1742326351_P3anNIqHGSbOEKeZ&previous_page_section_name=1000&federated_search_id=ad5738a3-58a4-4119-9ee4-c5c784a5f02e,Open Air
winzige Wohnung,95 CHF,https://www.airbnb.ch/rooms/54369584?adults=1&check_in=2025-06-26&check_out=2025-06-29&search_mode=regular_search&source_impression_id=p3_1742326351_P3L9e9UTYCvHSOAn&previous_page_section_name=1000&federated_search_id=ad5738a3-58a4-4119-9ee4-c5c784a5f02e,Open Air
Schöne 2 1/2 Zimmer Dachwohnung,81 CHF,https://www.airbnb.ch/rooms/964210138285327314?adults=1&check_in=2025-06-26&check_out=2025-06-29&search_mode=regular_search&source_impression_id=p3_1742326351_P3nZPGkj9WTiunef&previous_page_section_name=1000&federated_search_id=ad5738a3-58a4-4119-9ee4-c5c784a5f02e,Open Air
St.-Gallen Ost 1 IN OLMA IN Zentral I Culture,317 CHF,https://www.airbnb.ch/rooms/1312926767571539260?adults=1&check_in=2025-06-26&check_out=2025-06-29&search_mode=regular_search&source_impression_id=p3_1742326351_P3fCT-u5y4EPvLti&previous_page_section_name=1000&federated_search_id=ad5738a3-58a4-4119-9ee4-c5c784a5f02e,Open Air
Schöne Wohnung im Herzen von Herisau bis 6 Gäste,300 CHF,https://www.airbnb.ch/rooms/52105121?adults=1&check_in=2025-06-26&check_out=2025-06-29&search_mode=regular_search&source_impression_id=p3_1742326351_P35k8OWM4fLwYYgK&previous_page_section_name=1000&federated_search_id=ad5738a3-58a4-4119-9ee4-c5c784a5f02e,Open Air
"Schönes Einzelzimmer, zentral",30 CHF,https://www.airbnb.ch/rooms/1249206762119913900?adults=1&check_in=2025-06-26&check_out=2025-06-29&search_mode=regular_search&category_tag=Tag%3A8678&photo_id=2077775382&source_impression_id=p3_1742326351_P31fmwyKTXajZQu6&previous_page_section_name=1000&federated_search_id=ad5738a3-58a4-4119-9ee4-c5c784a5f02e,Open Air
"Queensize-Bett, Arbeitsplatz, gratis Parkplatz",274 CHF,https://www.airbnb.ch/rooms/1309616210634972262?adults=1&check_in=2025-06-26&check_out=2025-06-29&search_mode=regular_search&source_impression_id=p3_1742326352_P3Uf0YQZp-Uz93qG&previous_page_section_name=1000&federated_search_id=ad5738a3-58a4-4119-9ee4-c5c784a5f02e,Open Air
Anitas Landerlebnis,175 CHF,https://www.airbnb.ch/rooms/1126809791445447349?adults=1&check_in=2025-06-26&check_out=2025-06-29&search_mode=regular_search&source_impression_id=p3_1742328084_P37bbliDK6Oik7zT&previous_page_section_name=1000&federated_search_id=1f1690d3-9185-444a-9a90-3e84b84918fc,Open Air
Zimmer mit traumhaftem Ausblick,,https://www.airbnb.ch/rooms/1105183214922616099?adults=1&check_in=2025-06-26&check_out=2025-06-29&search_mode=regular_search&source_impression_id=p3_1742328057_P3cUvlb15CHgmUJQ&previous_page_section_name=1000&federated_search_id=1f1690d3-9185-444a-9a90-3e84b84918fc,Open Air
hübsche 2 1/2 Zimmer Dachwohnung,70 CHF,https://www.airbnb.ch/rooms/49188864?adults=1&check_in=2025-06-26&check_out=2025-06-29&search_mode=regular_search&source_impression_id=p3_1742328061_P3-GReZTBoUTjsWg&previous_page_section_name=1000&federated_search_id=1f1690d3-9185-444a-9a90-3e84b84918fc,Open Air
Komfortables Zimmer/Bad & Frühstück,67 CHF,https://www.airbnb.ch/rooms/9086918?adults=1&check_in=2025-06-26&check_out=2025-06-29&search_mode=regular_search&category_tag=Tag%3A8678&photo_id=91496642&source_impression_id=p3_1742328063_P3xFGBtB8PpnT6Rj&previous_page_section_name=1000&federated_search_id=1f1690d3-9185-444a-9a90-3e84b84918fc,Open Air
Modernes und komfortables App 5 Min. vom HB St. G,237 CHF,https://www.airbnb.ch/rooms/1205774662880420500?adults=1&check_in=2025-06-26&check_out=2025-06-29&search_mode=regular_search&source_impression_id=p3_1742328063_P35eoJy0xw6AKHtd&previous_page_section_name=1000&federated_search_id=1f1690d3-9185-444a-9a90-3e84b84918fc,Open Air
Zimmer mit separater Dusche,38 CHF,https://www.airbnb.ch/rooms/32656994?adults=1&check_in=2025-06-26&check_out=2025-06-29&search_mode=regular_search&category_tag=Tag%3A8678&photo_id=997136320&source_impression_id=p3_1742328063_P3IpiutTHJ0Cpixz&previous_page_section_name=1000&federated_search_id=1f1690d3-9185-444a-9a90-3e84b84918fc,Open Air
St. Gallen Zimmer Nähe OLMA/Uni/Zentrum Jugendstil,70 CHF,https://www.airbnb.ch/rooms/697517?adults=1&check_in=2025-06-26&check_out=2025-06-29&search_mode=regular_search&category_tag=Tag%3A8678&photo_id=1349005821&source_impression_id=p3_1742328063_P3Q4PW-HBfQi-xN6&previous_page_section_name=1000&federated_search_id=1f1690d3-9185-444a-9a90-3e84b84918fc,Open Air
Schönes Zimmer in der Nähe von HSG,62 CHF,https://www.airbnb.ch/rooms/1188930325214083127?adults=1&check_in=2025-06-26&check_out=2025-06-29&search_mode=regular_search&category_tag=Tag%3A8678&photo_id=1940734657&source_impression_id=p3_1742328063_P3sffbxdPXh8brut&previous_page_section_name=1000&federated_search_id=1f1690d3-9185-444a-9a90-3e84b84918fc,Open Air
Altbau-Oase/ Zentral & Gemütlich,145 CHF,https://www.airbnb.ch/rooms/1378779785675848684?adults=1&check_in=2025-06-26&check_out=2025-06-29&search_mode=regular_search&source_impression_id=p3_1742326351_P3_kXj7q8aDZr1E7&previous_page_section_name=1000&federated_search_id=1f1690d3-9185-444a-9a90-3e84b84918fc,Open Air
"Birkenhof, Haus Märli",500 CHF,https://www.airbnb.ch/rooms/1254262698928353569?adults=1&check_in=2025-06-26&check_out=2025-06-29&search_mode=regular_search&source_impression_id=p3_1742328063_P3xW5h9snAPcKm7T&previous_page_section_name=1000&federated_search_id=1f1690d3-9185-444a-9a90-3e84b84918fc,Open Air
Bijoux Ferienwohnung auf Bauernhof im Wald,87 CHF,https://www.airbnb.ch/rooms/52139216?adults=1&check_in=2025-06-26&check_out=2025-06-29&search_mode=regular_search&source_impression_id=p3_1742328063_P3VCfy9LIk2LgOeu&previous_page_section_name=1000&federated_search_id=1f1690d3-9185-444a-9a90-3e84b84918fc,Open Air
Moderne Wohnung nahe OLMA Messe,,https://www.airbnb.ch/rooms/1378804535792044479?adults=1&check_in=2025-06-26&check_out=2025-06-29&search_mode=regular_search&source_impression_id=p3_1742328064_P3_fzr2mzwv29Zy0&previous_page_section_name=1000&federated_search_id=1f1690d3-9185-444a-9a90-3e84b84918fc,Open Air
"Ruhig, City-und Naturnah, inkl. Parkplatz & Balkon",276 CHF,https://www.airbnb.ch/rooms/1280932025399837362?adults=1&check_in=2025-06-26&check_out=2025-06-29&search_mode=regular_search&source_impression_id=p3_1742328064_P3gtoj4fLg1lmyzf&previous_page_section_name=1000&federated_search_id=1f1690d3-9185-444a-9a90-3e84b84918fc,Open Air
winzige Wohnung,95 CHF,https://www.airbnb.ch/rooms/54369584?adults=1&check_in=2025-06-26&check_out=2025-06-29&search_mode=regular_search&source_impression_id=p3_1742328064_P3Y8olDuhtfiR3xE&previous_page_section_name=1000&federated_search_id=1f1690d3-9185-444a-9a90-3e84b84918fc,Open Air
Schöne 2 1/2 Zimmer Dachwohnung,81 CHF,https://www.airbnb.ch/rooms/964210138285327314?adults=1&check_in=2025-06-26&check_out=2025-06-29&search_mode=regular_search&source_impression_id=p3_1742328064_P3YpYSTtHoxTm3yJ&previous_page_section_name=1000&federated_search_id=1f1690d3-9185-444a-9a90-3e84b84918fc,Open Air
"Histor. grossbürgerl. Wohnhaus, ruhige Lage",44 CHF,https://www.airbnb.ch/rooms/43076325?adults=1&check_in=2025-06-26&check_out=2025-06-29&search_mode=regular_search&category_tag=Tag%3A8678&photo_id=1136469183&source_impression_id=p3_1742328064_P3oTb9h3zSRRer_G&previous_page_section_name=1000&federated_search_id=1f1690d3-9185-444a-9a90-3e84b84918fc,Open Air
Nah an der Natur und ÖV vor der Tür (mit Ticket),65 CHF,https://www.airbnb.ch/rooms/7655133?adults=1&check_in=2025-06-26&check_out=2025-06-29&search_mode=regular_search&category_tag=Tag%3A8678&photo_id=1421192468&source_impression_id=p3_1742328064_P3F69akDwP-jEUym&previous_page_section_name=1000&federated_search_id=1f1690d3-9185-444a-9a90-3e84b84918fc,Open Air
Im Grünen nahe des Zentrum (Familienzimmer 2+2),60 CHF,https://www.airbnb.ch/rooms/18440897?adults=1&check_in=2025-06-26&check_out=2025-06-29&search_mode=regular_search&category_tag=Tag%3A8678&photo_id=300964172&source_impression_id=p3_1742328064_P3TEPy9mEBnWb2eP&previous_page_section_name=1000&federated_search_id=1f1690d3-9185-444a-9a90-3e84b84918fc,Open Air
Gemütliche Wohnung im Zentrum von St. Gallen,85 CHF,https://www.airbnb.ch/rooms/1272414733514963281?adults=1&check_in=2025-10-10&check_out=2025-10-19&search_mode=regular_search&source_impression_id=p3_1742330721_P31ywaAFSH5FBFCg&previous_page_section_name=1000&federated_search_id=56518fe4-b7f1-4303-aa51-aea8f11d5480,OLMA
Möbliertes Studio mit Garten W5,50 CHF,https://www.airbnb.ch/rooms/1369357827038202553?adults=1&check_in=2025-10-10&check_out=2025-10-19&search_mode=regular_search&source_impression_id=p3_1742330735_P34VrGkbEjI7g6ZA&previous_page_section_name=1000&federated_search_id=56518fe4-b7f1-4303-aa51-aea8f11d5480,OLMA
Zur Geduld (direkt am Bahnhof),75 CHF,https://www.airbnb.ch/rooms/39076896?adults=1&check_in=2025-10-10&check_out=2025-10-19&search_mode=regular_search&source_impression_id=p3_1742330735_P31r8s6LM6NXc3g4&previous_page_section_name=1000&federated_search_id=56518fe4-b7f1-4303-aa51-aea8f11d5480,OLMA
Poliba St.Gallen-3 1/2 zimmer wohnung,40 CHF,https://www.airbnb.ch/rooms/26252048?adults=1&check_in=2025-10-10&check_out=2025-10-19&search_mode=regular_search&source_impression_id=p3_1742330735_P3mdSDn80UqdeTLM&previous_page_section_name=1000&federated_search_id=56518fe4-b7f1-4303-aa51-aea8f11d5480,OLMA
Gemütliche Wohnung,67 CHF,https://www.airbnb.ch/rooms/1258654575298959105?adults=1&check_in=2025-10-10&check_out=2025-10-19&search_mode=regular_search&source_impression_id=p3_1742330735_P3F90n6x16QF2M_k&previous_page_section_name=1000&federated_search_id=56518fe4-b7f1-4303-aa51-aea8f11d5480,OLMA
Schönes Zimmer in der Nähe von HSG,62 CHF,https://www.airbnb.ch/rooms/1188930325214083127?adults=1&check_in=2025-10-10&check_out=2025-10-19&search_mode=regular_search&category_tag=Tag%3A8678&photo_id=1940734657&source_impression_id=p3_1742330735_P3yhflougJtFF6hf&previous_page_section_name=1000&federated_search_id=56518fe4-b7f1-4303-aa51-aea8f11d5480,OLMA
Gemütliche Altbauwohnung im Zentrum,87 CHF,https://www.airbnb.ch/rooms/751359808295391180?adults=1&check_in=2025-10-10&check_out=2025-10-19&search_mode=regular_search&source_impression_id=p3_1742330737_P35DIkCX4mpp5Lor&previous_page_section_name=1000&federated_search_id=56518fe4-b7f1-4303-aa51-aea8f11d5480,OLMA
Charmante Ferienwohnung 2 Zimmer W43,140 CHF,https://www.airbnb.ch/rooms/1345627790337068856?adults=1&check_in=2025-10-10&check_out=2025-10-19&search_mode=regular_search&source_impression_id=p3_1742330738_P3b9K87N-YhzZBbk&previous_page_section_name=1000&federated_search_id=56518fe4-b7f1-4303-aa51-aea8f11d5480,OLMA
Eigene Studiowohnung mit Küche,60 CHF,https://www.airbnb.ch/rooms/1244108781114001566?adults=1&check_in=2025-10-10&check_out=2025-10-19&search_mode=regular_search&category_tag=Tag%3A8678&photo_id=1992369537&source_impression_id=p3_1742330739_P3Rrip-c_xas6mD3&previous_page_section_name=1000&federated_search_id=56518fe4-b7f1-4303-aa51-aea8f11d5480,OLMA
Einzigartige schöne Altbau- Wohnung im Zentrum,111 CHF,https://www.airbnb.ch/rooms/851924212614923026?adults=1&check_in=2025-10-10&check_out=2025-10-19&search_mode=regular_search&source_impression_id=p3_1742330739_P3e03fc_fAwI8bsX&previous_page_section_name=1000&federated_search_id=56518fe4-b7f1-4303-aa51-aea8f11d5480,OLMA
"Schönes Einzelzimmer, zentral",33 CHF,https://www.airbnb.ch/rooms/1249206762119913900?adults=1&check_in=2025-10-10&check_out=2025-10-19&search_mode=regular_search&category_tag=Tag%3A8678&photo_id=2077775382&source_impression_id=p3_1742330739_P39Z2-YiO5p9PkHU&previous_page_section_name=1000&federated_search_id=56518fe4-b7f1-4303-aa51-aea8f11d5480,OLMA
Studio mit Panoramaaussicht,55 CHF,https://www.airbnb.ch/rooms/810193274543553942?adults=1&check_in=2025-10-10&check_out=2025-10-19&search_mode=regular_search&source_impression_id=p3_1742330739_P3XmZFiGzeL6ELzT&previous_page_section_name=1000&federated_search_id=56518fe4-b7f1-4303-aa51-aea8f11d5480,OLMA
Olma / Stadtzentrum / Cosy,160 CHF,https://www.airbnb.ch/rooms/1358676222184654106?adults=1&check_in=2025-10-10&check_out=2025-10-19&search_mode=regular_search&source_impression_id=p3_1742330740_P3AB_L0yYLJI_9IM&previous_page_section_name=1000&federated_search_id=56518fe4-b7f1-4303-aa51-aea8f11d5480,OLMA
Zeit,58 CHF,https://www.airbnb.ch/rooms/951322252626366335?adults=1&check_in=2025-10-10&check_out=2025-10-19&search_mode=regular_search&source_impression_id=p3_1742330740_P3SBL4-let3_tyQR&previous_page_section_name=1000&federated_search_id=56518fe4-b7f1-4303-aa51-aea8f11d5480,OLMA
Helle Wohnung über St.Gallen,95 CHF,https://www.airbnb.ch/rooms/1041922452595008344?adults=1&check_in=2025-10-10&check_out=2025-10-19&search_mode=regular_search&source_impression_id=p3_1742330740_P3dyOi-bMQHvtyEF&previous_page_section_name=1000&federated_search_id=56518fe4-b7f1-4303-aa51-aea8f11d5480,OLMA
Studio mit Charme und Aussicht,55 CHF,https://www.airbnb.ch/rooms/794847112063101272?adults=1&check_in=2025-10-10&check_out=2025-10-19&search_mode=regular_search&source_impression_id=p3_1742330740_P3ugPTZmD32LaIln&previous_page_section_name=1000&federated_search_id=56518fe4-b7f1-4303-aa51-aea8f11d5480,OLMA
Das Haus mit dem Schwein,52 CHF,https://www.airbnb.ch/rooms/1050155248804139421?adults=1&check_in=2025-10-10&check_out=2025-10-19&search_mode=regular_search&category_tag=Tag%3A8678&photo_id=1807180061&source_impression_id=p3_1742330740_P3QN32p6RrMC6Flq&previous_page_section_name=1000&federated_search_id=56518fe4-b7f1-4303-aa51-aea8f11d5480,OLMA
Zeit,58 CHF,https://www.airbnb.ch/rooms/951322252626366335?adults=1&check_in=2025-10-10&check_out=2025-10-19&search_mode=regular_search&source_impression_id=p3_1742332339_P3MgKleG8oBhJ6MX&previous_page_section_name=1000&federated_search_id=ea332bea-ca68-48a9-87a8-019b18687c64,OLMA
Dein Zuhause in Herisau,84 CHF,https://www.airbnb.ch/rooms/976660285467973872?adults=1&check_in=2025-10-10&check_out=2025-10-19&search_mode=regular_search&source_impression_id=p3_1742332296_P3zqwe8GbnJuFoOh&previous_page_section_name=1000&federated_search_id=ea332bea-ca68-48a9-87a8-019b18687c64,OLMA
heimelige Wohnung in Goldach,56 CHF,https://www.airbnb.ch/rooms/1152917005837922136?adults=1&check_in=2025-10-10&check_out=2025-10-19&search_mode=regular_search&source_impression_id=p3_1742332300_P3o4ZNAv3uSvLqt-&previous_page_section_name=1000&federated_search_id=ea332bea-ca68-48a9-87a8-019b18687c64,OLMA
"gemütliches Studio im EG, im Appenzellerland",,https://www.airbnb.ch/rooms/49508201?adults=1&check_in=2025-10-10&check_out=2025-10-19&search_mode=regular_search&source_impression_id=p3_1742332300_P3khX_NsRLlWmP7a&previous_page_section_name=1000&federated_search_id=ea332bea-ca68-48a9-87a8-019b18687c64,OLMA
Bijoux Ferienwohnung auf Bauernhof im Wald,87 CHF,https://www.airbnb.ch/rooms/52139216?adults=1&check_in=2025-10-10&check_out=2025-10-19&search_mode=regular_search&source_impression_id=p3_1742332300_P3l3hum1uqfMrae9&previous_page_section_name=1000&federated_search_id=ea332bea-ca68-48a9-87a8-019b18687c64,OLMA
Säntis Park/Freies Parken/Netflix,72 CHF,https://www.airbnb.ch/rooms/1256489640417225660?adults=1&check_in=2025-10-10&check_out=2025-10-19&search_mode=regular_search&source_impression_id=p3_1742332300_P32hd09L8VpEkne-&previous_page_section_name=1000&federated_search_id=ea332bea-ca68-48a9-87a8-019b18687c64,OLMA
Studio mit Panoramaaussicht,55 CHF,https://www.airbnb.ch/rooms/810193274543553942?adults=1&check_in=2025-10-10&check_out=2025-10-19&search_mode=regular_search&source_impression_id=p3_1742332301_P3RKhMboJMo7zW8o&previous_page_section_name=1000&federated_search_id=ea332bea-ca68-48a9-87a8-019b18687c64,OLMA
Luxuriöses Hotelzimmer im Grünen,69 CHF,https://www.airbnb.ch/rooms/37453341?adults=1&check_in=2025-10-10&check_out=2025-10-19&search_mode=regular_search&source_impression_id=p3_1742332301_P3i2_-AV8r2jwf7T&previous_page_section_name=1000&federated_search_id=ea332bea-ca68-48a9-87a8-019b18687c64,OLMA
Studio mit Charme und Aussicht,55 CHF,https://www.airbnb.ch/rooms/794847112063101272?adults=1&check_in=2025-10-10&check_out=2025-10-19&search_mode=regular_search&source_impression_id=p3_1742332301_P3a_ft4F_XTaQwgw&previous_page_section_name=1000&federated_search_id=ea332bea-ca68-48a9-87a8-019b18687c64,OLMA
Ganze Wohnung mitten in der Altstadt von Arbon,52 CHF,https://www.airbnb.ch/rooms/16345691?adults=1&check_in=2025-10-10&check_out=2025-10-19&search_mode=regular_search&source_impression_id=p3_1742332301_P3aLwraBIdwdJmk1&previous_page_section_name=1000&federated_search_id=ea332bea-ca68-48a9-87a8-019b18687c64,OLMA
2. Charmante Wohnung in Seenähe,58 CHF,https://www.airbnb.ch/rooms/34823328?adults=1&check_in=2025-10-10&check_out=2025-10-19&search_mode=regular_search&source_impression_id=p3_1742332301_P3yr0pM7qGNSAkIx&previous_page_section_name=1000&federated_search_id=ea332bea-ca68-48a9-87a8-019b18687c64,OLMA
Charmante Wohnung im Zentrum von Goldach,58 CHF,https://www.airbnb.ch/rooms/19566593?adults=1&check_in=2025-10-10&check_out=2025-10-19&search_mode=regular_search&source_impression_id=p3_1742332301_P3x8ZRrQ6R8ZHdO1&previous_page_section_name=1000&federated_search_id=ea332bea-ca68-48a9-87a8-019b18687c64,OLMA
Das Haus mit dem Schwein,52 CHF,https://www.airbnb.ch/rooms/1050155248804139421?adults=1&check_in=2025-10-10&check_out=2025-10-19&search_mode=regular_search&category_tag=Tag%3A8678&photo_id=1807180061&source_impression_id=p3_1742332301_P3Eg5xmaKApya69s&previous_page_section_name=1000&federated_search_id=ea332bea-ca68-48a9-87a8-019b18687c64,OLMA
Kernsanierte Wohnung nähe Bahnhof und Zentrum,110 CHF,https://www.airbnb.ch/rooms/32585689?adults=1&check_in=2025-10-10&check_out=2025-10-19&search_mode=regular_search&source_impression_id=p3_1742332302_P36oH06gbdxdmJDU&previous_page_section_name=1000&federated_search_id=ea332bea-ca68-48a9-87a8-019b18687c64,OLMA
Altbau-Oase/ Zentral & Gemütlich,145 CHF,https://www.airbnb.ch/rooms/1378779785675848684?adults=1&check_in=2025-10-10&check_out=2025-10-19&search_mode=regular_search&source_impression_id=p3_1742332303_P3KcXOY12eEPySe4&previous_page_section_name=1000&federated_search_id=ea332bea-ca68-48a9-87a8-019b18687c64,OLMA
Gemütliche Wohnung über einer Bäckerei,60 CHF,https://www.airbnb.ch/rooms/47754092?adults=1&check_in=2025-10-10&check_out=2025-10-19&search_mode=regular_search&source_impression_id=p3_1742332310_P3iUHIIwskYVgPsu&previous_page_section_name=1000&federated_search_id=ea332bea-ca68-48a9-87a8-019b18687c64,OLMA
gemütliches Zimmer mit Privatsphäre,39 CHF,https://www.airbnb.ch/rooms/33425237?adults=1&check_in=2025-10-10&check_out=2025-10-19&search_mode=regular_search&category_tag=Tag%3A8678&photo_id=1682983843&source_impression_id=p3_1742332314_P3y9vFBwkyManT80&previous_page_section_name=1000&federated_search_id=ea332bea-ca68-48a9-87a8-019b18687c64,OLMA
"Histor. grossbürgerl. Wohnhaus, ruhige Lage",51 CHF,https://www.airbnb.ch/rooms/43076325?adults=1&check_in=2025-10-10&check_out=2025-10-19&search_mode=regular_search&category_tag=Tag%3A8678&photo_id=1136469183&source_impression_id=p3_1742332316_P3JQT5GiuLbA_CFd&previous_page_section_name=1000&federated_search_id=ea332bea-ca68-48a9-87a8-019b18687c64,OLMA
Kernsanierte Wohnung nähe Bahnhof und Zentrum,110 CHF,https://www.airbnb.ch/rooms/32585689?adults=1&check_in=2025-10-10&check_out=2025-10-19&search_mode=regular_search&source_impression_id=p3_1742333551_P3kSJWm1VJZM5BtL&previous_page_section_name=1000&federated_search_id=fdf09072-364c-426d-8160-14159c126a97,OLMA
Bauernhaus mit Bildhauer Ambiente,65 CHF,https://www.airbnb.ch/rooms/2996287?adults=1&check_in=2025-10-10&check_out=2025-10-19&search_mode=regular_search&source_impression_id=p3_1742333527_P3K0Z_1Gr1J3fttf&previous_page_section_name=1000&federated_search_id=fdf09072-364c-426d-8160-14159c126a97,OLMA
Gartenstudio in Appenzellerhaus,55 CHF,https://www.airbnb.ch/rooms/3581317?adults=1&check_in=2025-10-10&check_out=2025-10-19&search_mode=regular_search&source_impression_id=p3_1742333529_P3t-zL_pcf1aQrMI&previous_page_section_name=1000&federated_search_id=fdf09072-364c-426d-8160-14159c126a97,OLMA
Idyllische Wohnung in der Natur,121 CHF,https://www.airbnb.ch/rooms/1329870865542695857?adults=1&check_in=2025-10-10&check_out=2025-10-19&search_mode=regular_search&source_impression_id=p3_1742333529_P3uktCEj6uTFdMJm&previous_page_section_name=1000&federated_search_id=fdf09072-364c-426d-8160-14159c126a97,OLMA
2.5 Zimmer Dachwohnung mit Gartensitzplatz,98 CHF,https://www.airbnb.ch/rooms/563644420162089550?adults=1&check_in=2025-10-10&check_out=2025-10-19&search_mode=regular_search&source_impression_id=p3_1742333529_P3jBI-oK5lZ9eb8o&previous_page_section_name=1000&federated_search_id=fdf09072-364c-426d-8160-14159c126a97,OLMA
Schöne Wohnung im Herzen von Herisau bis 4 Gäste,124 CHF,https://www.airbnb.ch/rooms/52104598?adults=1&check_in=2025-10-10&check_out=2025-10-19&search_mode=regular_search&source_impression_id=p3_1742333529_P3L0aYIMpeUEmzXu&previous_page_section_name=1000&federated_search_id=fdf09072-364c-426d-8160-14159c126a97,OLMA
Schöne Wohnung im Herzen von Herisau bis 6 Gäste,154 CHF,https://www.airbnb.ch/rooms/52105121?adults=1&check_in=2025-10-10&check_out=2025-10-19&search_mode=regular_search&source_impression_id=p3_1742333529_P3y-yXFlfcp3bxqi&previous_page_section_name=1000&federated_search_id=fdf09072-364c-426d-8160-14159c126a97,OLMA
Grosszügige Garten-Wohnung,149 CHF,https://www.airbnb.ch/rooms/1060397090656689268?adults=1&check_in=2025-10-10&check_out=2025-10-19&search_mode=regular_search&source_impression_id=p3_1742333529_P3T6LwASfpTqT4C2&previous_page_section_name=1000&federated_search_id=fdf09072-364c-426d-8160-14159c126a97,OLMA
"Histor. grossbürgerl. Wohnhaus, ruhige Lage",51 CHF,https://www.airbnb.ch/rooms/43076325?adults=1&check_in=2025-10-10&check_out=2025-10-19&search_mode=regular_search&category_tag=Tag%3A8678&photo_id=1136469183&source_impression_id=p3_1742333529_P3AcJO946MY053In&previous_page_section_name=1000&federated_search_id=fdf09072-364c-426d-8160-14159c126a97,OLMA
Moderne Wohnung nahe OLMA Messe,190 CHF,https://www.airbnb.ch/rooms/1378804535792044479?adults=1&check_in=2025-10-10&check_out=2025-10-19&search_mode=regular_search&source_impression_id=p3_1742333529_P3clL1_eziRJ30qo&previous_page_section_name=1000&federated_search_id=fdf09072-364c-426d-8160-14159c126a97,OLMA
Atelier/Loft im Grünen Individuelles Altes Haus,99 CHF,https://www.airbnb.ch/rooms/9723028?adults=1&check_in=2025-10-10&check_out=2025-10-19&search_mode=regular_search&source_impression_id=p3_1742333529_P31HJxIL0EBCs1s6&previous_page_section_name=1000&federated_search_id=fdf09072-364c-426d-8160-14159c126a97,OLMA
Idyllisches Appenzeller Ferienhaus mit Garten,110 CHF,https://www.airbnb.ch/rooms/38684795?adults=1&check_in=2025-10-10&check_out=2025-10-19&search_mode=regular_search&source_impression_id=p3_1742333529_P3EdjVQ7OP759kDK&previous_page_section_name=1000&federated_search_id=fdf09072-364c-426d-8160-14159c126a97,OLMA
Ferien auf dem Billenberghof,147 CHF,https://www.airbnb.ch/rooms/43837504?adults=1&check_in=2025-10-10&check_out=2025-10-19&search_mode=regular_search&source_impression_id=p3_1742333530_P3k_IVA4e4mzujMQ&previous_page_section_name=1000&federated_search_id=fdf09072-364c-426d-8160-14159c126a97,OLMA
Einkaufszentrum Arena | Kybunpark |,94 CHF,https://www.airbnb.ch/rooms/1271657823442915813?adults=1&check_in=2025-10-10&check_out=2025-10-19&search_mode=regular_search&source_impression_id=p3_1742333530_P3ZUOStc8DJTRed7&previous_page_section_name=1000&federated_search_id=fdf09072-364c-426d-8160-14159c126a97,OLMA
spezielle Wohnung in Goldach,56 CHF,https://www.airbnb.ch/rooms/45526496?adults=1&check_in=2025-10-10&check_out=2025-10-19&search_mode=regular_search&source_impression_id=p3_1742333531_P3B6LLplq8A4PTi4&previous_page_section_name=1000&federated_search_id=fdf09072-364c-426d-8160-14159c126a97,OLMA
Haus zur Quelle,65 CHF,https://www.airbnb.ch/rooms/636608672961821195?adults=1&check_in=2025-10-10&check_out=2025-10-19&search_mode=regular_search&source_impression_id=p3_1742333532_P3zhu-dqFWFJ4rnF&previous_page_section_name=1000&federated_search_id=fdf09072-364c-426d-8160-14159c126a97,OLMA
Schön schlafen auf dem Bauernhof,80 CHF,https://www.airbnb.ch/rooms/1140941849347033944?adults=1&check_in=2025-10-10&check_out=2025-10-19&search_mode=regular_search&source_impression_id=p3_1742333533_P3J8ensrQ7M3Wg_e&previous_page_section_name=1000&federated_search_id=fdf09072-364c-426d-8160-14159c126a97,OLMA
1. Modernes Apartment 2 Min vom Bahnhof,150 CHF,https://www.airbnb.ch/rooms/3246527?adults=1&check_in=2025-10-10&check_out=2025-10-19&search_mode=regular_search&source_impression_id=p3_1742333533_P3eC15dvvVTrvpHm&previous_page_section_name=1000&federated_search_id=fdf09072-364c-426d-8160-14159c126a97,OLMA
Haus zur Quelle,65 CHF,https://www.airbnb.ch/rooms/636608672961821195?adults=1&check_in=2025-10-10&check_out=2025-10-19&search_mode=regular_search&source_impression_id=p3_1742334894_P3uTEYQhWgQzUEbG&previous_page_section_name=1000&federated_search_id=4bec5f22-559b-4edc-b55e-5c0068a5ac05,OLMA
Schön schlafen auf dem Bauernhof,80 CHF,https://www.airbnb.ch/rooms/1140941849347033944?adults=1&check_in=2025-10-10&check_out=2025-10-19&search_mode=regular_search&source_impression_id=p3_1742334880_P3huoFHZfs5R-Stp&previous_page_section_name=1000&federated_search_id=4bec5f22-559b-4edc-b55e-5c0068a5ac05,OLMA
spezielle Wohnung in Goldach,56 CHF,https://www.airbnb.ch/rooms/45526496?adults=1&check_in=2025-10-10&check_out=2025-10-19&search_mode=regular_search&source_impression_id=p3_1742334880_P3fWRnvoRz5Ez2An&previous_page_section_name=1000&federated_search_id=4bec5f22-559b-4edc-b55e-5c0068a5ac05,OLMA
Schönes Toggenburger Bauernhaus,220 CHF,https://www.airbnb.ch/rooms/1100077443803929436?adults=1&check_in=2025-10-10&check_out=2025-10-19&search_mode=regular_search&source_impression_id=p3_1742334880_P3cRKRcnnYU8qeue&previous_page_section_name=1000&federated_search_id=4bec5f22-559b-4edc-b55e-5c0068a5ac05,OLMA
Frisch Renovierte Wohnung,87 CHF,https://www.airbnb.ch/rooms/1378365051883699202?adults=1&check_in=2025-10-10&check_out=2025-10-19&search_mode=regular_search&source_impression_id=p3_1742334880_P3jCmKcK5HK4DyqJ&previous_page_section_name=1000&federated_search_id=4bec5f22-559b-4edc-b55e-5c0068a5ac05,OLMA
"Ruhig, City-und Naturnah, inkl. Parkplatz & Balkon",208 CHF,https://www.airbnb.ch/rooms/1280932025399837362?adults=1&check_in=2025-10-10&check_out=2025-10-19&search_mode=regular_search&source_impression_id=p3_1742334880_P3JtTn_1DLS2UhIG&previous_page_section_name=1000&federated_search_id=4bec5f22-559b-4edc-b55e-5c0068a5ac05,OLMA
St Gallen Ost G. I Olma I Zentral I Culture,375 CHF,https://www.airbnb.ch/rooms/1316578514861229469?adults=1&check_in=2025-10-10&check_out=2025-10-19&search_mode=regular_search&source_impression_id=p3_1742334880_P3yiQKJJCtz0LeoF&previous_page_section_name=1000&federated_search_id=4bec5f22-559b-4edc-b55e-5c0068a5ac05,OLMA
Appenzeller Haus - nebelfreies Paradies,140 CHF,https://www.airbnb.ch/rooms/934119164310207886?adults=1&check_in=2025-10-10&check_out=2025-10-19&search_mode=regular_search&source_impression_id=p3_1742334880_P3T2S_eUYZE_v9aW&previous_page_section_name=1000&federated_search_id=4bec5f22-559b-4edc-b55e-5c0068a5ac05,OLMA
Häuschen mitten in der Natur,130 CHF,https://www.airbnb.ch/rooms/995398820565705403?adults=1&check_in=2025-10-10&check_out=2025-10-19&search_mode=regular_search&source_impression_id=p3_1742334880_P3y4bT7utgOmXEj3&previous_page_section_name=1000&federated_search_id=4bec5f22-559b-4edc-b55e-5c0068a5ac05,OLMA
Laddaswisshouse,94 CHF,https://www.airbnb.ch/rooms/1341331198167175328?adults=1&check_in=2025-10-10&check_out=2025-10-19&search_mode=regular_search&source_impression_id=p3_1742334880_P3xhq-c79YnwYQDW&previous_page_section_name=1000&federated_search_id=4bec5f22-559b-4edc-b55e-5c0068a5ac05,OLMA
Familienfreundliches Haus am Bodensee,200 CHF,https://www.airbnb.ch/rooms/1166178175750668547?adults=1&check_in=2025-10-10&check_out=2025-10-19&search_mode=regular_search&source_impression_id=p3_1742334880_P3YaUD4v5A-PDFK3&previous_page_section_name=1000&federated_search_id=4bec5f22-559b-4edc-b55e-5c0068a5ac05,OLMA
Einkaufszentrum Arena | Kybunpark |,94 CHF,https://www.airbnb.ch/rooms/1271657823442915813?adults=1&check_in=2025-10-10&check_out=2025-10-19&search_mode=regular_search&source_impression_id=p3_1742334880_P3QK847UEAT0K1QA&previous_page_section_name=1000&federated_search_id=4bec5f22-559b-4edc-b55e-5c0068a5ac05,OLMA
Ferienhaus Sennastübli,90 CHF,https://www.airbnb.ch/rooms/856936169926329137?adults=1&check_in=2025-10-10&check_out=2025-10-19&search_mode=regular_search&source_impression_id=p3_1742334880_P3sm9PD0GwexX43i&previous_page_section_name=1000&federated_search_id=4bec5f22-559b-4edc-b55e-5c0068a5ac05,OLMA
EH Apartments Jupiter | Grand Suite | Zentral gelegen,240 CHF,https://www.airbnb.ch/rooms/808455393374400638?adults=1&check_in=2025-10-10&check_out=2025-10-19&search_mode=regular_search&source_impression_id=p3_1742334880_P313yhI_T1CQaA6W&previous_page_section_name=1000&federated_search_id=4bec5f22-559b-4edc-b55e-5c0068a5ac05,OLMA
"Neue Wohnung am Waldrand, tolle Aussicht & zentral",84 CHF,https://www.airbnb.ch/rooms/709182313635067238?adults=1&check_in=2025-10-10&check_out=2025-10-19&search_mode=regular_search&source_impression_id=p3_1742334880_P3-bXCVJmm1ZhhYK&previous_page_section_name=1000&federated_search_id=4bec5f22-559b-4edc-b55e-5c0068a5ac05,OLMA
Wunderschönes Studio inmitten der Natur,85 CHF,https://www.airbnb.ch/rooms/21207643?adults=1&check_in=2025-10-10&check_out=2025-10-19&search_mode=regular_search&source_impression_id=p3_1742334880_P3gMAYzSa0LWvQQN&previous_page_section_name=1000&federated_search_id=4bec5f22-559b-4edc-b55e-5c0068a5ac05,OLMA
Stilvolles Studio Apartment bei der Messe Olma,195 CHF,https://www.airbnb.ch/rooms/1230147436883884784?adults=1&check_in=2025-10-10&check_out=2025-10-19&search_mode=regular_search&source_impression_id=p3_1742334881_P3u-vFxx5qwh-Mfa&previous_page_section_name=1000&federated_search_id=4bec5f22-559b-4edc-b55e-5c0068a5ac05,OLMA
"Ruhig, Gratis Parkplatz, Balkon & im 1. Stockwerk",208 CHF,https://www.airbnb.ch/rooms/1279050772829252627?adults=1&check_in=2025-10-10&check_out=2025-10-19&search_mode=regular_search&source_impression_id=p3_1742334882_P3rkjAm3jMUomZ-z&previous_page_section_name=1000&federated_search_id=4bec5f22-559b-4edc-b55e-5c0068a5ac05,OLMA
Charmante Wohnung auf dem Lande und doch zentral,79 CHF,https://www.airbnb.ch/rooms/41261284?adults=1&check_in=2025-10-10&check_out=2025-10-19&search_mode=regular_search&source_impression_id=p3_1742336018_P3TaeTn4ElhqO84z&previous_page_section_name=1000&federated_search_id=6841e791-ef91-4e91-9851-4ac0a4e00415,OLMA
"Moderne, helle Ferienwohnung mit gratis Parkplatz",120 CHF,https://www.airbnb.ch/rooms/659216252477783109?adults=1&check_in=2025-10-10&check_out=2025-10-19&search_mode=regular_search&source_impression_id=p3_1742336006_P3iFRpQTlW8JegPl&previous_page_section_name=1000&federated_search_id=6841e791-ef91-4e91-9851-4ac0a4e00415,OLMA
"Zwei helle Zimmer, Küche und Bad",82 CHF,https://www.airbnb.ch/rooms/49139740?adults=1&check_in=2025-10-10&check_out=2025-10-19&search_mode=regular_search&category_tag=Tag%3A8678&photo_id=1831447322&source_impression_id=p3_1742336009_P3jxi4AlSCTxSy2o&previous_page_section_name=1000&federated_search_id=6841e791-ef91-4e91-9851-4ac0a4e00415,OLMA
Schöne Wohnung mit traumhafter Bergsicht,110 CHF,https://www.airbnb.ch/rooms/49337443?adults=1&check_in=2025-10-10&check_out=2025-10-19&search_mode=regular_search&source_impression_id=p3_1742336009_P3rYAaEwwuYnexlb&previous_page_section_name=1000&federated_search_id=6841e791-ef91-4e91-9851-4ac0a4e00415,OLMA
Bungalow mit Traumaussicht LOMA BUENA VISTA,110 CHF,https://www.airbnb.ch/rooms/668625351086481944?adults=1&check_in=2025-10-10&check_out=2025-10-19&search_mode=regular_search&source_impression_id=p3_1742336009_P3iGBNgvuERV98ui&previous_page_section_name=1000&federated_search_id=6841e791-ef91-4e91-9851-4ac0a4e00415,OLMA
3 Zimmer Ferienwohnung am Bodensee W20,100 CHF,https://www.airbnb.ch/rooms/1370877567018800726?adults=1&check_in=2025-10-10&check_out=2025-10-19&search_mode=regular_search&source_impression_id=p3_1742336009_P3N5PyQxPWhR8bqv&previous_page_section_name=1000&federated_search_id=6841e791-ef91-4e91-9851-4ac0a4e00415,OLMA
TouchBed | Große 4-Zimmer-Wohnung im Obergeschoss,386 CHF,https://www.airbnb.ch/rooms/23339282?adults=1&check_in=2025-10-10&check_out=2025-10-19&search_mode=regular_search&source_impression_id=p3_1742336009_P3c5bhuTe8g3nFlF&previous_page_section_name=1000&federated_search_id=6841e791-ef91-4e91-9851-4ac0a4e00415,OLMA
Die gesamte MIND the GAP Villa,500 CHF,https://www.airbnb.ch/rooms/1115260913127491417?adults=1&check_in=2025-10-10&check_out=2025-10-19&search_mode=regular_search&source_impression_id=p3_1742336009_P32A-U7MPF4wIVQ2&previous_page_section_name=1000&federated_search_id=6841e791-ef91-4e91-9851-4ac0a4e00415,OLMA
Ferienwohnung Rotenwies,130 CHF,https://www.airbnb.ch/rooms/47321225?adults=1&check_in=2025-10-10&check_out=2025-10-19&search_mode=regular_search&source_impression_id=p3_1742336009_P3y1bqPfSY7ugzQA&previous_page_section_name=1000&federated_search_id=6841e791-ef91-4e91-9851-4ac0a4e00415,OLMA
Genieße den Seeblick von der Dachterrasse,158 CHF,https://www.airbnb.ch/rooms/3152222?adults=1&check_in=2025-10-10&check_out=2025-10-19&search_mode=regular_search&source_impression_id=p3_1742336009_P3MZvksUfzp2LA8d&previous_page_section_name=1000&federated_search_id=6841e791-ef91-4e91-9851-4ac0a4e00415,OLMA
"Attika 2,5 Zimmer möbliert Nähe HSG Universität",81 CHF,https://www.airbnb.ch/rooms/5555102?adults=1&check_in=2025-10-10&check_out=2025-10-19&search_mode=regular_search&source_impression_id=p3_1742336009_P3tpL8jgOdujd19_&previous_page_section_name=1000&federated_search_id=6841e791-ef91-4e91-9851-4ac0a4e00415,OLMA
Gehobene Ferienwohnung im Appenzellerland,130 CHF,https://www.airbnb.ch/rooms/687472377147421886?adults=1&check_in=2025-10-10&check_out=2025-10-19&search_mode=regular_search&source_impression_id=p3_1742336009_P3Is8kvkktnYAOiN&previous_page_section_name=1000&federated_search_id=6841e791-ef91-4e91-9851-4ac0a4e00415,OLMA
Top moderne Wohnung sehr zentral zur Messe,195 CHF,https://www.airbnb.ch/rooms/1230144744532404398?adults=1&check_in=2025-10-10&check_out=2025-10-19&search_mode=regular_search&source_impression_id=p3_1742336009_P3xCNwD8GmBkYuNV&previous_page_section_name=1000&federated_search_id=6841e791-ef91-4e91-9851-4ac0a4e00415,OLMA
Yoli's Ferienwohnung,95 CHF,https://www.airbnb.ch/rooms/1057129252817589508?adults=1&check_in=2025-10-10&check_out=2025-10-19&search_mode=regular_search&source_impression_id=p3_1742336010_P3oA4Ukv0ECwDhUL&previous_page_section_name=1000&federated_search_id=6841e791-ef91-4e91-9851-4ac0a4e00415,OLMA
"Haus Erika, Hausteil",180 CHF,https://www.airbnb.ch/rooms/1202272228659486792?adults=1&check_in=2025-10-10&check_out=2025-10-19&search_mode=regular_search&source_impression_id=p3_1742336010_P3iKaotw7z8X5mB5&previous_page_section_name=1000&federated_search_id=6841e791-ef91-4e91-9851-4ac0a4e00415,OLMA
Leimathof Wohnung Typ I (LZ),149 CHF,https://www.airbnb.ch/rooms/20826839?adults=1&check_in=2025-10-10&check_out=2025-10-19&search_mode=regular_search&source_impression_id=p3_1742336011_P3-yGTX37rL4c_aD&previous_page_section_name=1000&federated_search_id=6841e791-ef91-4e91-9851-4ac0a4e00415,OLMA
Umweltfreundl. Rooftop Apart. St. Gallen Zentrum,210 CHF,https://www.airbnb.ch/rooms/638220511211963718?adults=1&check_in=2025-10-10&check_out=2025-10-19&search_mode=regular_search&source_impression_id=p3_1742336011_P3oC9NacvxXMCYKr&previous_page_section_name=1000&federated_search_id=6841e791-ef91-4e91-9851-4ac0a4e00415,OLMA
"Nachhaltig Wohnen im 1. Stock, gratis Parkplatz!",176 CHF,https://www.airbnb.ch/rooms/631007400205214375?adults=1&check_in=2025-10-10&check_out=2025-10-19&search_mode=regular_search&source_impression_id=p3_1742336011_P3MABgjTmAk5BDRa&previous_page_section_name=1000&federated_search_id=6841e791-ef91-4e91-9851-4ac0a4e00415,OLMA
Mällis Heimetli,160 CHF,https://www.airbnb.ch/rooms/1293292708654676670?adults=1&check_in=2025-10-10&check_out=2025-10-19&search_mode=regular_search&source_impression_id=p3_1742337280_P3DybIrSfy7BoQDf&previous_page_section_name=1000&federated_search_id=4f3a7ee1-39cd-4c39-8f31-20671329dad5,OLMA
Leimathof Attica,149 CHF,https://www.airbnb.ch/rooms/34164018?adults=1&check_in=2025-10-10&check_out=2025-10-19&search_mode=regular_search&source_impression_id=p3_1742337280_P304vYni3JzlJAS1&previous_page_section_name=1000&federated_search_id=4f3a7ee1-39cd-4c39-8f31-20671329dad5,OLMA
"Kleines, cooles Loft im schönen Appenzellerland",116 CHF,https://www.airbnb.ch/rooms/39167516?adults=1&check_in=2025-10-10&check_out=2025-10-19&search_mode=regular_search&source_impression_id=p3_1742337280_P3hcMQDw-4pPvMlF&previous_page_section_name=1000&federated_search_id=4f3a7ee1-39cd-4c39-8f31-20671329dad5,OLMA
Loft in der Natur mit Gartenzugang und Sauna,169 CHF,https://www.airbnb.ch/rooms/53986478?adults=1&check_in=2025-10-10&check_out=2025-10-19&search_mode=regular_search&source_impression_id=p3_1742337281_P3CuCnvZWfmgdSGp&previous_page_section_name=1000&federated_search_id=4f3a7ee1-39cd-4c39-8f31-20671329dad5,OLMA
Idyllische Übernachtung,90 CHF,https://www.airbnb.ch/rooms/917065164270199649?adults=1&check_in=2025-10-10&check_out=2025-10-19&search_mode=regular_search&source_impression_id=p3_1742337281_P3LaA1jzTzz8BnOW&previous_page_section_name=1000&federated_search_id=4f3a7ee1-39cd-4c39-8f31-20671329dad5,OLMA
"2,5 Zimmer in zentraler Top Lage bei der Messe",243 CHF,https://www.airbnb.ch/rooms/1230149755567202100?adults=1&check_in=2025-10-10&check_out=2025-10-19&search_mode=regular_search&source_impression_id=p3_1742337281_P38qKh2uiCN3W8N3&previous_page_section_name=1000&federated_search_id=4f3a7ee1-39cd-4c39-8f31-20671329dad5,OLMA
"Nachhaltig Wohnen im 1. Stock, gratis Parkplatz!",176 CHF,https://www.airbnb.ch/rooms/631007400205214375?adults=1&check_in=2025-10-10&check_out=2025-10-19&search_mode=regular_search&source_impression_id=p3_1742337281_P36ACM7nuYKK2aDq&previous_page_section_name=1000&federated_search_id=4f3a7ee1-39cd-4c39-8f31-20671329dad5,OLMA
Gemütliche Ferienwohnung Hirschberg12 für 6 Gäste,110 CHF,https://www.airbnb.ch/rooms/8270306?adults=1&check_in=2025-10-10&check_out=2025-10-19&search_mode=regular_search&source_impression_id=p3_1742337281_P36e7e3hXaCclGMA&previous_page_section_name=1000&federated_search_id=4f3a7ee1-39cd-4c39-8f31-20671329dad5,OLMA
Paradies am Dreiländereck & Kostenlosem Parkplatz,111 CHF,https://www.airbnb.ch/rooms/756467183606961273?adults=1&check_in=2025-10-10&check_out=2025-10-19&search_mode=regular_search&source_impression_id=p3_1742337281_P3O1031LVZOxVjvP&previous_page_section_name=1000&federated_search_id=4f3a7ee1-39cd-4c39-8f31-20671329dad5,OLMA
Penthouse Apartment mit 250m2 Terrasse,180 CHF,https://www.airbnb.ch/rooms/760714527705233713?adults=1&check_in=2025-10-10&check_out=2025-10-19&search_mode=regular_search&source_impression_id=p3_1742337281_P3BdvcwxlAYyNTB_&previous_page_section_name=1000&federated_search_id=4f3a7ee1-39cd-4c39-8f31-20671329dad5,OLMA
Ruhiges Paradiesli mit Rheintal- und Alpsteinblick,60 CHF,https://www.airbnb.ch/rooms/34702005?adults=1&check_in=2025-10-10&check_out=2025-10-19&search_mode=regular_search&source_impression_id=p3_1742337281_P3cXnIHghJey4_wT&previous_page_section_name=1000&federated_search_id=4f3a7ee1-39cd-4c39-8f31-20671329dad5,OLMA
TouchBed | Budget-Studio,118 CHF,https://www.airbnb.ch/rooms/22469139?adults=1&check_in=2025-10-10&check_out=2025-10-19&search_mode=regular_search&source_impression_id=p3_1742337281_P3jVRibNyh3yHKXM&previous_page_section_name=1000&federated_search_id=4f3a7ee1-39cd-4c39-8f31-20671329dad5,OLMA
Ferienwohnung Gapf Hundwil,140 CHF,https://www.airbnb.ch/rooms/1062260820143848495?adults=1&check_in=2025-10-10&check_out=2025-10-19&search_mode=regular_search&source_impression_id=p3_1742337281_P3CPJagreqm2LWS6&previous_page_section_name=1000&federated_search_id=4f3a7ee1-39cd-4c39-8f31-20671329dad5,OLMA
"Komplett neu renovierte, heimelige Ferienwohnung",80 CHF,https://www.airbnb.ch/rooms/609429723085683555?adults=1&check_in=2025-10-10&check_out=2025-10-19&search_mode=regular_search&source_impression_id=p3_1742337281_P3xzkP_eXyh7zk96&previous_page_section_name=1000&federated_search_id=4f3a7ee1-39cd-4c39-8f31-20671329dad5,OLMA
Zentrale Stadtwohnung mit Terasse,118 CHF,https://www.airbnb.ch/rooms/42128949?adults=1&check_in=2025-10-10&check_out=2025-10-19&search_mode=regular_search&source_impression_id=p3_1742337282_P31M5ME6cowQvMxu&previous_page_section_name=1000&federated_search_id=4f3a7ee1-39cd-4c39-8f31-20671329dad5,OLMA
Moderne Ruheoase auf entlegenem Hügel,147 CHF,https://www.airbnb.ch/rooms/752011886508070402?adults=1&check_in=2025-10-10&check_out=2025-10-19&search_mode=regular_search&source_impression_id=p3_1742337283_P3T3lyWeiernHD7n&previous_page_section_name=1000&federated_search_id=4f3a7ee1-39cd-4c39-8f31-20671329dad5,OLMA
"Queensize-Bett, Arbeitsplatz, gratis Parkplatz",218 CHF,https://www.airbnb.ch/rooms/1309616210634972262?adults=1&check_in=2025-10-10&check_out=2025-10-19&search_mode=regular_search&source_impression_id=p3_1742337283_P3qFDuB8sA9fBmBE&previous_page_section_name=1000&federated_search_id=4f3a7ee1-39cd-4c39-8f31-20671329dad5,OLMA
Chalet Wahida Wellness-Oase!,308 CHF,https://www.airbnb.ch/rooms/1254376218133370663?adults=1&check_in=2025-10-10&check_out=2025-10-19&search_mode=regular_search&source_impression_id=p3_1742337283_P3qDOVgwZUFhc-PP&previous_page_section_name=1000&federated_search_id=4f3a7ee1-39cd-4c39-8f31-20671329dad5,OLMA
