Airbnb St. Gallen 26.06 -29.06.2025,,,,Airbnb St. Gallen 09.10. -19.10.2025,
Listing,Price,,,Listing,Price
Loft in Wittenbach,CHF100.00,,,Apartment in St. Gallen,CHF78.00
Room in St. Gallen,CHF44.00,,,Apartment in St. Gallen,CHF61.00
Room in St. Gallen,CHF71.00,,,Apartment in St. Gallen,CHF100.00
Chalet in Herisau,CHF71.00,,,Apartment in St. Gallen,CHF69.00
Room in St. Gallen,CHF35.00,,,Apartment in St. Gallen,CHF78.00
Room in St Gallen,CHF88.00,,,Apartment in St. Gallen,CHF51.00
Apartment in St. Gallen,CHF166.00,,,Apartment in St. Gallen,CHF95.00
Apartment in St. Gallen,CHF88.00,,,Apartment in St. Gallen,CHF70.00
Room in St. Gallen,CHF46.00,,,Room in St. Gallen,CHF72.00
Apartment in St. Gallen,CHF106.00,,,Apartment in St. Gallen,CHF149.00
Apartment in St. Gallen,CHF96.00,,,Room in St. Gallen,CHF34.00
Apartment in Goldach,CHF84.00,,,Apartment in St. Gallen,CHF123.00
Apartment in St. Gallen,CHF81.00,,,Apartment in St. Gallen,CHF58.00
Room in Herisau,CHF55.00,,,Apartment in St. Gallen,CHF58.00
Apartment in St. Gallen,CHF139.00,,,Loft in Wittenbach,CHF85.00
Apartment in Goldach,CHF95.00,,,Room in St. Gallen,CHF64.00
Apartment in St. Gallen,CHF147.00,,,Apartment in St. Gallen,CHF100.00
Farm stay in Herisau,CHF587.00,,,Room in St. Gallen,CHF84.00
Room in Herisau,CHF45.00,,,Loft in Wittenbach,CHF85.00
Apartment in St. Gallen,CHF171.00,,,Chalet in Herisau,CHF59.00
Apartment in Goldach,CHF101.00,,,Apartment in Goldach,CHF67.00
Room in St. Gallen,CHF42.00,,,Apartment in St. Gallen,CHF149.00
Apartment in St. Gallen,CHF264.00,,,Apartment in St. Gallen,CHF99.00
Apartment in Herisau,CHF77.00,,,Apartment in St. Gallen,CHF198.00
Room in St. Gallen,CHF75.00,,,Room in St. Gallen,CHF38.00
Apartment in Herisau,CHF380.00,,,Loft in Arbon,CHF247.00
Apartment in Wittenbach,CHF111.00,,,Apartment in Thal,CHF102.00
Apartment in St. Gallen,CHF147.00,,,Apartment in St. Gallen,CHF142.00
Apartment in Goldach,CHF99.00,,,Apartment in Bühler,CHF64.00
Place to stay in St. Gallen,CHF123.00,,,Condo in Gaiserwald,CHF121.00
Condo in Herisau,CHF111.00,,,Room in Herisau,CHF43.00
Condo in Gossau,CHF110.00,,,Apartment in St. Gallen,CHF86.00
Home in Gais,CHF233.00,,,Apartment in Waldkirch,CHF88.00
Apartment in Gais,CHF169.00,,,Apartment in Herisau,CHF104.00
Room in Herisau,CHF58.00,,,Room in St. Gallen,CHF55.00
Apartment in Rorschacherberg,CHF106.00,,,Room in St. Gallen,CHF54.00
Home in Lutzenberg,CHF113.00,,,Apartment in Goldach,CHF66.00
Room in Herisau,CHF45.00,,,Apartment in St. Gallen,CHF128.00
Apartment in St. Gallen,CHF256.00,,,Apartment in Herisau,CHF65.00
Apartment in St. Gallen,CHF217.00,,,Apartment in Goldach,CHF70.00
Place to stay in Speicher,CHF80.00,,,Apartment in Arbon,CHF61.00
Guesthouse in Wittenbach,CHF44.00,,,Apartment in Herisau,CHF188.00
Apartment in St. Gallen,CHF227.00,,,Apartment in St. Gallen,CHF335.00
Apartment in Arbon,CHF88.00,,,Apartment in St. Gallen,CHF112.00
Home in Walzenhausen,CHF91.00,,,Room in Herisau,CHF58.00
Apartment in Herisau,CHF261.00,,,Apartment in St. Gallen,CHF97.00
Apartment in Lustmühle,CHF196.00,,,Apartment in Herisau,CHF77.00
Condo in Rorschach,CHF210.00,,,Apartment in St. Gallen,CHF187.00
Apartment in St. Gallen,CHF155.00,,,Apartment in St. Gallen,CHF129.00
Apartment in St. Gallen,CHF133.00,,,Condo in Herisau,CHF83.00
Apartment in Herisau,CHF184.00,,,Place to stay in Speicher,CHF63.00
Apartment in Arbon,CHF110.00,,,Apartment in St. Gallen,CHF119.00
Apartment in Bühler,CHF93.00,,,Apartment in Speicherschwendi,CHF141.00
Apartment in Bühler,CHF103.00,,,Apartment in Goldach,CHF75.00
Apartment in Arbon,CHF117.00,,,Apartment in St. Gallen,CHF93.00
Apartment in Arbon,CHF211.00,,,Apartment in Herisau,CHF152.00
Room in Rorschach,CHF62.00,,,Room in St. Gallen,CHF49.00
Apartment in Andwil,CHF126.00,,,Apartment in Speicherschwendi,CHF66.00
Apartment in Arbon,CHF184.00,,,Room in St. Gallen,CHF70.00
Apartment in Arbon,CHF101.00,,,Apartment in St. Gallen,CHF122.00
Room in Heiden,CHF104.00,,,Home in Walzenhausen,CHF72.00
Apartment in St. Gallen,CHF175.00,,,Room in St. Gallen,CHF82.00
Apartment in St. Gallen,CHF259.00,,,Apartment in St. Gallen,CHF166.00
Room in St. Gallen,CHF73.00,,,Apartment in St. Gallen,CHF128.00
Room in Hundwil,CHF49.00,,,Apartment in St. Gallen,CHF169.00
Apartment in Waldstatt,CHF140.00,,,Apartment in St. Gallen,CHF199.00
Barn in Walzenhausen,CHF108.00,,,Condo in St. Gallen,CHF168.00
Apartment in Arbon,CHF109.00,,,Apartment in St. Gallen,CHF230.00
Apartment in Arbon,CHF213.00,,,Apartment in St. Gallen,CHF136.00
Apartment in St. Gallen,CHF155.00,,,Apartment in Arbon,CHF84.00
Apartment in St. Gallen,CHF259.00,,,Home in Gaiserwald,CHF126.00
Apartment in Arbon,CHF119.00,,,Apartment in St. Gallen,CHF104.00
Apartment in Thal,CHF150.00,,,Apartment in St. Gallen,CHF386.00
Room in St. Gallen,CHF77.00,,,Apartment in St. Gallen,CHF204.00
Room in Hundwil,CHF49.00,,,Condo in St. Gallen,CHF201.00
Condo in Rorschach,CHF202.00,,,Apartment in St. Gallen,CHF177.00
Condo in Arbon,CHF150.00,,,Home in Gais,CHF190.00
Apartment in St. Gallen,CHF165.00,,,Shared room in St. Gallen,CHF40.00
Apartment in Herisau,CHF467.00,,,Apartment in St. Gallen,CHF76.00
Apartment in St. Gallen,CHF341.00,,,Apartment in Hundwil,CHF172.00
Cottage in Heiden,CHF194.00,,,Home in Goldach,CHF225.00
Home in Marbach,CHF150.00,,,Apartment in St. Gallen,CHF198.00
Room in Sankt Gallen,CHF69.00,,,Apartment in St. Gallen,CHF199.00
Place to stay in St. Gallen,CHF251.00,,,Apartment in Waldstatt,CHF106.00
Room in Speicher,CHF67.00,,,Room in Herisau,CHF60.00
Loft in Gais,CHF138.00,,,Apartment in St. Gallen,CHF145.00
Room in Sankt Gallen,CHF61.00,,,Apartment in St. Gallen,CHF87.00
Room in Wittenbach,CHF38.00,,,Condo in St. Gallen,CHF168.00
Apartment in Rorschach,CHF202.00,,,Apartment in St. Gallen,CHF136.00
Apartment in St. Gallen,CHF249.00,,,Home in Stein,CHF135.00
Loft in Herisau,CHF260.00,,,Home in Herisau,CHF208.00
Room in Sankt Gallen,CHF47.00,,,Apartment in St. Gallen,CHF156.00
Vacation home in Schlatt-Haslen,CHF128.00,,,Condo in Gossau,CHF114.00
Room in Herisau,CHF46.00,,,Shared room in St. Gallen,CHF61.00
Room in Arbon,CHF71.00,,,Apartment in St. Gallen,CHF152.00
Room in Sankt Gallen,CHF57.00,,,Apartment in Bühler,CHF87.00
Loft in Gais,CHF81.00,,,Guesthouse in St. Gallen,CHF106.00
Apartment in Wienacht-Tobel,CHF198.00,,,Apartment in St. Gallen,CHF175.00
Room in Gaiserwald,CHF51.00,,,Loft in Gais,CHF64.00
Apartment in Urnäsch,CHF231.00,,,Apartment in Arbon,CHF190.00